timestamp,frame_number,frame_len,frame_protocols,ip_src,ip_dst,tcp_srcport,tcp_dstport,tcp_flags,udp_srcport,udp_dstport,dns_qry_name,tls_handshake_extensions_server_name,http_request_method,http_request_uri,http_response_code
2026-02-10T15:10:02.070504,,,,127.0.0.1,127.0.0.1,,,,1194,38178,,,,,
2026-02-10T15:10:02.070678,,,,127.0.0.1,127.0.0.1,,,,38178,1194,,,,,
2026-02-10T15:10:02.090831,,,,127.0.0.1,127.0.0.1,38108,5037,0x00000002,,,,,,,
2026-02-10T15:10:02.090841,,,,127.0.0.1,127.0.0.1,5037,38108,0x00000014,,,,,,,
2026-02-10T15:10:02.091940,,,,127.0.0.1,127.0.0.1,38110,5037,0x00000002,,,,,,,
2026-02-10T15:10:02.091944,,,,127.0.0.1,127.0.0.1,5037,38110,0x00000014,,,,,,,
2026-02-10T15:10:02.093712,,,,127.0.0.1,127.0.0.1,38112,5037,0x00000002,,,,,,,
2026-02-10T15:10:02.093726,,,,127.0.0.1,127.0.0.1,5037,38112,0x00000014,,,,,,,
2026-02-10T15:10:02.094953,,,,127.0.0.1,127.0.0.1,38114,5037,0x00000002,,,,,,,
2026-02-10T15:10:02.094957,,,,127.0.0.1,127.0.0.1,5037,38114,0x00000014,,,,,,,
2026-02-10T15:10:02.096184,,,,127.0.0.1,127.0.0.1,38116,5037,0x00000002,,,,,,,
2026-02-10T15:10:02.096192,,,,127.0.0.1,127.0.0.1,5037,38116,0x00000014,,,,,,,
2026-02-10T15:10:02.097391,,,,127.0.0.1,127.0.0.1,38118,5037,0x00000002,,,,,,,
2026-02-10T15:10:02.097395,,,,127.0.0.1,127.0.0.1,5037,38118,0x00000014,,,,,,,
2026-02-10T15:10:02.098764,,,,127.0.0.1,127.0.0.1,38120,5037,0x00000002,,,,,,,
2026-02-10T15:10:02.098769,,,,127.0.0.1,127.0.0.1,5037,38120,0x00000014,,,,,,,
2026-02-10T15:10:02.100058,,,,127.0.0.1,127.0.0.1,38122,5037,0x00000002,,,,,,,
2026-02-10T15:10:02.100066,,,,127.0.0.1,127.0.0.1,5037,38122,0x00000014,,,,,,,
2026-02-10T15:10:02.101428,,,,127.0.0.1,127.0.0.1,38124,5037,0x00000002,,,,,,,
2026-02-10T15:10:02.101436,,,,127.0.0.1,127.0.0.1,5037,38124,0x00000014,,,,,,,
2026-02-10T15:10:02.102854,,,,127.0.0.1,127.0.0.1,38126,5037,0x00000002,,,,,,,
2026-02-10T15:10:02.102868,,,,127.0.0.1,127.0.0.1,5037,38126,0x00000014,,,,,,,
2026-02-10T15:10:02.778401,,,,,,,,,,,,,,,
2026-02-10T15:10:02.781383,,,,,,,,,,,,,,,
2026-02-10T15:10:02.838041,,,,192.168.0.167,192.168.0.1,,,,54416,53,,,,,
2026-02-10T15:10:02.854768,,,,192.168.0.1,192.168.0.167,,,,53,54416,,,,,
2026-02-10T15:10:03.044120,,,,172.217.2.138,192.168.0.167,,,,443,57486,,,,,
2026-02-10T15:10:03.049467,,,,192.168.0.167,172.217.2.138,,,,57486,443,,,,,
2026-02-10T15:10:06.279647,,,,192.168.0.167,192.168.0.187,44474,8009,0x00000002,,,,,,,
2026-02-10T15:10:07.120512,,,,,,,,,,,,,,,
2026-02-10T15:10:07.282660,,,,192.168.0.167,192.168.0.187,44474,8009,0x00000002,,,,,,,
2026-02-10T15:10:07.860454,,,,,,,,,,,,,,,
2026-02-10T15:10:07.860477,,,,,,,,,,,,,,,
2026-02-10T15:10:08.916415,,,,192.168.0.167,192.168.0.1,,,,37102,53,,,,,
2026-02-10T15:10:08.919477,,,,192.168.0.167,192.168.0.1,,,,16148,53,,,,,
2026-02-10T15:10:08.922862,,,,192.168.0.1,192.168.0.167,,,,53,37102,,,,,
2026-02-10T15:10:08.928891,,,,192.168.0.167,192.178.56.67,,,,59376,443,,,,,
2026-02-10T15:10:08.929431,,,,192.168.0.167,192.178.56.67,,,,59376,443,,,,,
2026-02-10T15:10:08.930072,,,,192.168.0.167,192.178.56.67,,,,59376,443,,,,,
2026-02-10T15:10:08.938847,,,,192.168.0.1,192.168.0.167,,,,53,16148,,,,,
2026-02-10T15:10:08.938936,,,,192.168.0.167,192.168.0.1,,,,,,,,,,
2026-02-10T15:10:08.968975,,,,192.178.56.67,192.168.0.167,,,,443,59376,,,,,
2026-02-10T15:10:08.971448,,,,192.178.56.67,192.168.0.167,,,,443,59376,,,,,
2026-02-10T15:10:08.971448,,,,192.178.56.67,192.168.0.167,,,,443,59376,,,,,
2026-02-10T15:10:08.971448,,,,192.178.56.67,192.168.0.167,,,,443,59376,,,,,
2026-02-10T15:10:08.971448,,,,192.178.56.67,192.168.0.167,,,,443,59376,,,,,
2026-02-10T15:10:08.972623,,,,192.178.56.67,192.168.0.167,,,,443,59376,,,,,
2026-02-10T15:10:08.973020,,,,192.168.0.167,192.178.56.67,,,,59376,443,,,,,
2026-02-10T15:10:08.973862,,,,192.168.0.167,192.178.56.67,,,,59376,443,,,,,
2026-02-10T15:10:08.974311,,,,192.168.0.167,192.178.56.67,,,,59376,443,,,,,
2026-02-10T15:10:08.987633,,,,192.178.56.67,192.168.0.167,,,,443,59376,,,,,
2026-02-10T15:10:09.013693,,,,192.168.0.167,192.178.56.67,,,,59376,443,,,,,
2026-02-10T15:10:09.015102,,,,192.178.56.67,192.168.0.167,,,,443,59376,,,,,
2026-02-10T15:10:09.015467,,,,192.168.0.167,192.178.56.67,,,,59376,443,,,,,
2026-02-10T15:10:09.029068,,,,192.178.56.67,192.168.0.167,,,,443,59376,,,,,
2026-02-10T15:10:09.299093,,,,192.168.0.167,192.168.0.187,44474,8009,0x00000002,,,,,,,
2026-02-10T15:10:12.158639,,,,127.0.0.1,127.0.0.1,,,,38178,1194,,,,,
2026-02-10T15:10:12.158766,,,,127.0.0.1,127.0.0.1,,,,1194,38178,,,,,
2026-02-10T15:10:13.522519,,,,192.168.0.167,192.168.0.187,44474,8009,0x00000002,,,,,,,
2026-02-10T15:10:18.045453,,,,192.168.0.167,172.217.2.138,,,,57486,443,,,,,
2026-02-10T15:10:18.063407,,,,172.217.2.138,192.168.0.167,,,,443,57486,,,,,
2026-02-10T15:10:18.131048,,,,,,,,,,,,,,,
2026-02-10T15:10:22.337967,,,,127.0.0.1,127.0.0.1,,,,1194,38178,,,,,
2026-02-10T15:10:22.338053,,,,127.0.0.1,127.0.0.1,,,,38178,1194,,,,,
2026-02-10T15:10:23.938238,,,,172.217.2.138,192.168.0.167,,,,443,57486,,,,,
2026-02-10T15:10:23.942513,,,,192.168.0.167,172.217.2.138,,,,57486,443,,,,,
2026-02-10T15:10:29.141697,,,,,,,,,,,,,,,
2026-02-10T15:10:32.442725,,,,127.0.0.1,127.0.0.1,,,,38178,1194,,,,,
2026-02-10T15:10:32.442798,,,,127.0.0.1,127.0.0.1,,,,1194,38178,,,,,
2026-02-10T15:10:38.940335,,,,192.168.0.167,172.217.2.138,,,,57486,443,,,,,
2026-02-10T15:10:38.959100,,,,172.217.2.138,192.168.0.167,,,,443,57486,,,,,
2026-02-10T15:10:40.151884,,,,,,,,,,,,,,,
2026-02-10T15:10:41.170523,,,,192.168.0.167,192.168.0.187,51056,2869,0x00000010,,,,,,,
2026-02-10T15:10:42.687381,,,,127.0.0.1,127.0.0.1,,,,1194,38178,,,,,
2026-02-10T15:10:42.687455,,,,127.0.0.1,127.0.0.1,,,,38178,1194,,,,,
2026-02-10T15:10:43.986935,,,,,,,,,,,,,,,
2026-02-10T15:10:43.989324,,,,,,,,,,,,,,,
2026-02-10T15:10:44.593544,,,,172.217.2.138,192.168.0.167,,,,443,57486,,,,,
2026-02-10T15:10:44.597616,,,,192.168.0.167,172.217.2.138,,,,57486,443,,,,,
2026-02-10T15:10:46.295149,,,,,,,,,,,,,,,
2026-02-10T15:10:47.314441,,,,,,,,,,,,,,,
2026-02-10T15:10:48.246263,,,,,,,,,,,,,,,
2026-02-10T15:10:48.248955,,,,,,,,,,,,,,,
2026-02-10T15:10:51.161598,,,,,,,,,,,,,,,
2026-02-10T15:10:52.746629,,,,127.0.0.1,127.0.0.1,,,,1194,38178,,,,,
2026-02-10T15:10:52.746704,,,,127.0.0.1,127.0.0.1,,,,38178,1194,,,,,
2026-02-10T15:10:59.595245,,,,192.168.0.167,172.217.2.138,,,,57486,443,,,,,
2026-02-10T15:10:59.613477,,,,172.217.2.138,192.168.0.167,,,,443,57486,,,,,
2026-02-10T15:11:02.171870,,,,,,,,,,,,,,,
2026-02-10T15:11:02.794775,,,,127.0.0.1,127.0.0.1,,,,1194,38178,,,,,
2026-02-10T15:11:02.794896,,,,127.0.0.1,127.0.0.1,,,,38178,1194,,,,,
2026-02-10T15:11:05.499446,,,,172.217.2.138,192.168.0.167,,,,443,57486,,,,,
2026-02-10T15:11:05.504719,,,,192.168.0.167,172.217.2.138,,,,57486,443,,,,,
2026-02-10T15:11:09.052459,,,,10.8.0.1,239.255.255.250,,,,55756,1900,,,,,
2026-02-10T15:11:09.052484,,,,10.8.0.6,239.255.255.250,,,,54216,1900,,,,,
2026-02-10T15:11:09.052504,,,,192.168.0.167,239.255.255.250,,,,33837,1900,,,,,
2026-02-10T15:11:09.053487,,,,127.0.0.1,127.0.0.1,,,,1194,38178,,,,,
2026-02-10T15:11:09.053550,,,,10.8.0.1,239.255.255.250,,,,55756,1900,,,,,
2026-02-10T15:11:09.053569,,,,127.0.0.1,127.0.0.1,,,,38178,1194,,,,,
2026-02-10T15:11:09.053596,,,,10.8.0.6,239.255.255.250,,,,54216,1900,,,,,
2026-02-10T15:11:10.054638,,,,10.8.0.1,239.255.255.250,,,,55756,1900,,,,,
2026-02-10T15:11:10.054664,,,,10.8.0.6,239.255.255.250,,,,54216,1900,,,,,
2026-02-10T15:11:10.054677,,,,192.168.0.167,239.255.255.250,,,,33837,1900,,,,,
2026-02-10T15:11:10.055409,,,,127.0.0.1,127.0.0.1,,,,1194,38178,,,,,
2026-02-10T15:11:10.055447,,,,10.8.0.1,239.255.255.250,,,,55756,1900,,,,,
2026-02-10T15:11:10.055458,,,,127.0.0.1,127.0.0.1,,,,38178,1194,,,,,
2026-02-10T15:11:10.055472,,,,10.8.0.6,239.255.255.250,,,,54216,1900,,,,,
2026-02-10T15:11:11.055827,,,,10.8.0.1,239.255.255.250,,,,55756,1900,,,,,
2026-02-10T15:11:11.055862,,,,10.8.0.6,239.255.255.250,,,,54216,1900,,,,,
2026-02-10T15:11:11.055880,,,,192.168.0.167,239.255.255.250,,,,33837,1900,,,,,
2026-02-10T15:11:11.057115,,,,127.0.0.1,127.0.0.1,,,,1194,38178,,,,,
2026-02-10T15:11:11.057166,,,,10.8.0.1,239.255.255.250,,,,55756,1900,,,,,
2026-02-10T15:11:11.057182,,,,127.0.0.1,127.0.0.1,,,,38178,1194,,,,,
2026-02-10T15:11:11.057205,,,,10.8.0.6,239.255.255.250,,,,54216,1900,,,,,
2026-02-10T15:11:12.056795,,,,10.8.0.1,239.255.255.250,,,,55756,1900,,,,,
2026-02-10T15:11:12.056814,,,,10.8.0.6,239.255.255.250,,,,54216,1900,,,,,
2026-02-10T15:11:12.056826,,,,192.168.0.167,239.255.255.250,,,,33837,1900,,,,,
2026-02-10T15:11:12.057579,,,,127.0.0.1,127.0.0.1,,,,1194,38178,,,,,
2026-02-10T15:11:12.057659,,,,10.8.0.1,239.255.255.250,,,,55756,1900,,,,,
2026-02-10T15:11:12.057671,,,,127.0.0.1,127.0.0.1,,,,38178,1194,,,,,
2026-02-10T15:11:12.057690,,,,10.8.0.6,239.255.255.250,,,,54216,1900,,,,,
2026-02-10T15:11:13.182218,,,,,,,,,,,,,,,
2026-02-10T15:11:20.500133,,,,192.168.0.167,172.217.2.138,,,,57486,443,,,,,
2026-02-10T15:11:20.518913,,,,172.217.2.138,192.168.0.167,,,,443,57486,,,,,
2026-02-10T15:11:20.994453,,,,192.168.0.167,192.168.0.1,,,,34164,53,,,,,
2026-02-10T15:11:20.995246,,,,192.168.0.167,192.168.0.1,,,,49072,53,,,,,
2026-02-10T15:11:21.009520,,,,,,,,,,,,,,,
2026-02-10T15:11:21.009539,,,,,,,,,,,,,,,
2026-02-10T15:11:21.012262,,,,192.168.0.1,192.168.0.167,,,,53,34164,,,,,
2026-02-10T15:11:21.013081,,,,192.168.0.1,192.168.0.167,,,,53,49072,,,,,
2026-02-10T15:11:21.013955,,,,192.168.0.167,216.239.36.223,,,,45149,443,,,,,
2026-02-10T15:11:21.015002,,,,192.168.0.167,216.239.36.223,,,,45149,443,,,,,
2026-02-10T15:11:21.055034,,,,216.239.36.223,192.168.0.167,,,,443,45149,,,,,
2026-02-10T15:11:21.055034,,,,216.239.36.223,192.168.0.167,,,,443,45149,,,,,
2026-02-10T15:11:21.055034,,,,216.239.36.223,192.168.0.167,,,,443,45149,,,,,
2026-02-10T15:11:21.055034,,,,216.239.36.223,192.168.0.167,,,,443,45149,,,,,
2026-02-10T15:11:21.055924,,,,192.168.0.167,216.239.36.223,,,,45149,443,,,,,
2026-02-10T15:11:21.056480,,,,192.168.0.167,216.239.36.223,,,,45149,443,,,,,
2026-02-10T15:11:21.057046,,,,192.168.0.167,216.239.36.223,,,,45149,443,,,,,
2026-02-10T15:11:21.057890,,,,216.239.36.223,192.168.0.167,,,,443,45149,,,,,
2026-02-10T15:11:21.070415,,,,216.239.36.223,192.168.0.167,,,,443,45149,,,,,
2026-02-10T15:11:21.071226,,,,216.239.36.223,192.168.0.167,,,,443,45149,,,,,
2026-02-10T15:11:21.071433,,,,192.168.0.167,216.239.36.223,,,,45149,443,,,,,
2026-02-10T15:11:21.119435,,,,216.239.36.223,192.168.0.167,,,,443,45149,,,,,
2026-02-10T15:11:21.119435,,,,216.239.36.223,192.168.0.167,,,,443,45149,,,,,
2026-02-10T15:11:21.120069,,,,192.168.0.167,216.239.36.223,,,,45149,443,,,,,
2026-02-10T15:11:21.146644,,,,192.168.0.167,216.239.36.223,,,,45149,443,,,,,
2026-02-10T15:11:21.159710,,,,216.239.36.223,192.168.0.167,,,,443,45149,,,,,
2026-02-10T15:11:22.282045,,,,127.0.0.1,127.0.0.1,,,,1194,38178,,,,,
2026-02-10T15:11:22.282143,,,,127.0.0.1,127.0.0.1,,,,38178,1194,,,,,
2026-02-10T15:11:24.192647,,,,,,,,,,,,,,,
2026-02-10T15:11:25.353900,,,,192.168.0.167,172.217.2.138,,,,57486,443,,,,,
2026-02-10T15:11:25.355159,,,,192.168.0.167,172.217.2.138,,,,57486,443,,,,,
2026-02-10T15:11:25.372959,,,,172.217.2.138,192.168.0.167,,,,443,57486,,,,,
2026-02-10T15:11:25.377692,,,,192.168.0.167,172.217.2.138,,,,57486,443,,,,,
2026-02-10T15:11:25.411386,,,,172.217.2.138,192.168.0.167,,,,443,57486,,,,,
2026-02-10T15:11:25.411387,,,,172.217.2.138,192.168.0.167,,,,443,57486,,,,,
2026-02-10T15:11:25.412180,,,,192.168.0.167,172.217.2.138,,,,57486,443,,,,,
2026-02-10T15:11:25.419481,,,,192.168.0.167,172.217.2.138,,,,57486,443,,,,,
2026-02-10T15:11:25.429877,,,,172.217.2.138,192.168.0.167,,,,443,57486,,,,,
2026-02-10T15:11:25.622761,,,,172.217.2.138,192.168.0.167,,,,443,57486,,,,,
2026-02-10T15:11:25.627124,,,,192.168.0.167,172.217.2.138,,,,57486,443,,,,,
2026-02-10T15:11:25.715562,,,,,,,,,,,,,,,
2026-02-10T15:11:25.718716,,,,,,,,,,,,,,,
2026-02-10T15:11:26.226374,,,,192.168.0.167,192.168.0.187,51056,2869,0x00000010,,,,,,,
2026-02-10T15:11:31.346332,,,,,,,,,,,,,,,
2026-02-10T15:11:32.319186,,,,127.0.0.1,127.0.0.1,,,,38178,1194,,,,,
2026-02-10T15:11:32.319260,,,,127.0.0.1,127.0.0.1,,,,1194,38178,,,,,
2026-02-10T15:11:32.371293,,,,,,,,,,,,,,,
2026-02-10T15:11:33.394481,,,,,,,,,,,,,,,
2026-02-10T15:11:34.737534,,,,,,,,,,,,,,,
2026-02-10T15:11:34.740195,,,,,,,,,,,,,,,
2026-02-10T15:11:34.742709,,,,,,,,,,,,,,,
2026-02-10T15:11:35.203005,,,,,,,,,,,,,,,
2026-02-10T15:11:39.032825,,,,192.168.0.122,255.255.255.255,,,,39190,7989,,,,,
2026-02-10T15:11:40.355426,,,,192.168.0.167,172.217.2.138,,,,57486,443,,,,,
2026-02-10T15:11:40.375395,,,,172.217.2.138,192.168.0.167,,,,443,57486,,,,,
2026-02-10T15:11:42.399073,,,,127.0.0.1,127.0.0.1,,,,38178,1194,,,,,
2026-02-10T15:11:42.399242,,,,127.0.0.1,127.0.0.1,,,,1194,38178,,,,,
2026-02-10T15:11:46.213341,,,,,,,,,,,,,,,
2026-02-10T15:11:46.541722,,,,172.217.2.138,192.168.0.167,,,,443,57486,,,,,
2026-02-10T15:11:46.546125,,,,192.168.0.167,172.217.2.138,,,,57486,443,,,,,
2026-02-10T15:11:51.570671,,,,,,,,,,,,,,,
2026-02-10T15:11:51.574882,,,,,,,,,,,,,,,
2026-02-10T15:11:52.778319,,,,127.0.0.1,127.0.0.1,,,,1194,38178,,,,,
2026-02-10T15:11:52.778420,,,,127.0.0.1,127.0.0.1,,,,38178,1194,,,,,
2026-02-10T15:11:57.223441,,,,,,,,,,,,,,,
2026-02-10T15:12:01.543343,,,,192.168.0.167,172.217.2.138,,,,57486,443,,,,,
2026-02-10T15:12:01.560899,,,,172.217.2.138,192.168.0.167,,,,443,57486,,,,,
2026-02-10T15:12:02.858777,,,,127.0.0.1,127.0.0.1,,,,38178,1194,,,,,
2026-02-10T15:12:02.858849,,,,127.0.0.1,127.0.0.1,,,,1194,38178,,,,,
2026-02-10T15:12:07.252406,,,,172.217.2.138,192.168.0.167,,,,443,57486,,,,,
2026-02-10T15:12:07.257908,,,,192.168.0.167,172.217.2.138,,,,57486,443,,,,,
2026-02-10T15:12:08.234199,,,,,,,,,,,,,,,
2026-02-10T15:12:09.067795,,,,192.168.0.167,192.178.56.67,,,,37424,443,,,,,
2026-02-10T15:12:09.069373,,,,192.168.0.167,192.178.56.67,,,,37424,443,,,,,
2026-02-10T15:12:09.071285,,,,192.168.0.167,192.178.56.67,,,,37424,443,,,,,
2026-02-10T15:12:09.107902,,,,192.178.56.67,192.168.0.167,,,,443,37424,,,,,
2026-02-10T15:12:09.107903,,,,192.178.56.67,192.168.0.167,,,,443,37424,,,,,
2026-02-10T15:12:09.107903,,,,192.178.56.67,192.168.0.167,,,,443,37424,,,,,
2026-02-10T15:12:09.108506,,,,192.178.56.67,192.168.0.167,,,,443,37424,,,,,
2026-02-10T15:12:09.108507,,,,192.178.56.67,192.168.0.167,,,,443,37424,,,,,
2026-02-10T15:12:09.108507,,,,192.178.56.67,192.168.0.167,,,,443,37424,,,,,
2026-02-10T15:12:09.109070,,,,192.168.0.167,192.178.56.67,,,,37424,443,,,,,
2026-02-10T15:12:09.109514,,,,192.168.0.167,192.178.56.67,,,,37424,443,,,,,
2026-02-10T15:12:09.109896,,,,192.168.0.167,192.178.56.67,,,,37424,443,,,,,
2026-02-10T15:12:09.123823,,,,192.178.56.67,192.168.0.167,,,,443,37424,,,,,
2026-02-10T15:12:09.150048,,,,192.178.56.67,192.168.0.167,,,,443,37424,,,,,
2026-02-10T15:12:09.150048,,,,192.178.56.67,192.168.0.167,,,,443,37424,,,,,
2026-02-10T15:12:09.150358,,,,192.168.0.167,192.178.56.67,,,,37424,443,,,,,
2026-02-10T15:12:09.151049,,,,192.168.0.167,192.178.56.67,,,,37424,443,,,,,
2026-02-10T15:12:09.165207,,,,192.178.56.67,192.168.0.167,,,,443,37424,,,,,
2026-02-10T15:12:09.177491,,,,192.168.0.167,192.178.56.67,,,,37424,443,,,,,
2026-02-10T15:12:11.282703,,,,192.168.0.167,192.168.0.187,51056,2869,0x00000010,,,,,,,
2026-02-10T15:12:12.246998,,,,127.0.0.1,127.0.0.1,,,,1194,38178,,,,,
2026-02-10T15:12:12.247181,,,,127.0.0.1,127.0.0.1,,,,38178,1194,,,,,
2026-02-10T15:12:14.114537,,,,,,,,,,,,,,,
2026-02-10T15:12:14.114553,,,,,,,,,,,,,,,
2026-02-10T15:12:16.403108,,,,,,,,,,,,,,,
2026-02-10T15:12:17.233846,,,,,,,,,,,,,,,
2026-02-10T15:12:19.243821,,,,,,,,,,,,,,,
2026-02-10T15:12:22.253974,,,,192.168.0.167,172.217.2.138,,,,57486,443,,,,,
2026-02-10T15:12:22.272105,,,,172.217.2.138,192.168.0.167,,,,443,57486,,,,,
2026-02-10T15:12:22.352765,,,,127.0.0.1,127.0.0.1,,,,38178,1194,,,,,
2026-02-10T15:12:22.352913,,,,127.0.0.1,127.0.0.1,,,,1194,38178,,,,,
2026-02-10T15:12:27.411089,,,,,,,,,,,,,,,
2026-02-10T15:12:27.413861,,,,,,,,,,,,,,,
2026-02-10T15:12:28.093971,,,,172.217.2.138,192.168.0.167,,,,443,57486,,,,,
2026-02-10T15:12:28.098667,,,,192.168.0.167,172.217.2.138,,,,57486,443,,,,,
2026-02-10T15:12:30.255019,,,,,,,,,,,,,,,
2026-02-10T15:12:32.547045,,,,127.0.0.1,127.0.0.1,,,,1194,38178,,,,,
2026-02-10T15:12:32.547153,,,,127.0.0.1,127.0.0.1,,,,38178,1194,,,,,
2026-02-10T15:12:41.265280,,,,,,,,,,,,,,,
2026-02-10T15:12:42.786479,,,,127.0.0.1,127.0.0.1,,,,38178,1194,,,,,
2026-02-10T15:12:42.786604,,,,127.0.0.1,127.0.0.1,,,,1194,38178,,,,,
2026-02-10T15:12:43.095560,,,,192.168.0.167,172.217.2.138,,,,57486,443,,,,,
2026-02-10T15:12:43.114588,,,,172.217.2.138,192.168.0.167,,,,443,57486,,,,,
2026-02-10T15:12:48.369601,,,,172.217.2.138,192.168.0.167,,,,443,57486,,,,,
2026-02-10T15:12:48.374065,,,,192.168.0.167,172.217.2.138,,,,57486,443,,,,,
2026-02-10T15:12:52.274991,,,,,,,,,,,,,,,
2026-02-10T15:12:52.853312,,,,127.0.0.1,127.0.0.1,,,,38178,1194,,,,,
2026-02-10T15:12:52.853499,,,,127.0.0.1,127.0.0.1,,,,1194,38178,,,,,
2026-02-10T15:12:53.522349,,,,,,,,,,,,,,,
2026-02-10T15:12:53.525008,,,,,,,,,,,,,,,
2026-02-10T15:12:56.342473,,,,192.168.0.167,192.168.0.187,51056,2869,0x00000010,,,,,,,
2026-02-10T15:13:01.458402,,,,,,,,,,,,,,,
2026-02-10T15:13:01.464973,,,,,,,,,,,,,,,
2026-02-10T15:13:02.967571,,,,127.0.0.1,127.0.0.1,,,,1194,38178,,,,,
2026-02-10T15:13:02.967699,,,,127.0.0.1,127.0.0.1,,,,38178,1194,,,,,
2026-02-10T15:13:03.286048,,,,,,,,,,,,,,,
2026-02-10T15:13:03.371216,,,,192.168.0.167,172.217.2.138,,,,57486,443,,,,,
2026-02-10T15:13:03.389284,,,,172.217.2.138,192.168.0.167,,,,443,57486,,,,,
2026-02-10T15:13:09.053311,,,,10.8.0.1,239.255.255.250,,,,59518,1900,,,,,
2026-02-10T15:13:09.053328,,,,10.8.0.6,239.255.255.250,,,,49199,1900,,,,,
2026-02-10T15:13:09.053339,,,,192.168.0.167,239.255.255.250,,,,60506,1900,,,,,
2026-02-10T15:13:09.054073,,,,127.0.0.1,127.0.0.1,,,,1194,38178,,,,,
2026-02-10T15:13:09.054114,,,,10.8.0.1,239.255.255.250,,,,59518,1900,,,,,
2026-02-10T15:13:09.054125,,,,127.0.0.1,127.0.0.1,,,,38178,1194,,,,,
2026-02-10T15:13:09.054140,,,,10.8.0.6,239.255.255.250,,,,49199,1900,,,,,
2026-02-10T15:13:09.280394,,,,172.217.2.138,192.168.0.167,,,,443,57486,,,,,
2026-02-10T15:13:09.284977,,,,192.168.0.167,172.217.2.138,,,,57486,443,,,,,
2026-02-10T15:13:09.285390,,,,172.217.2.138,192.168.0.167,,,,443,57486,,,,,
2026-02-10T15:13:09.291210,,,,192.168.0.167,172.217.2.138,,,,57486,443,,,,,
2026-02-10T15:13:09.324821,,,,192.168.0.167,192.168.0.1,,,,38739,53,,,,,
2026-02-10T15:13:09.327065,,,,192.168.0.167,192.168.0.1,,,,36672,53,,,,,
2026-02-10T15:13:09.328175,,,,192.168.0.1,192.168.0.167,,,,53,38739,,,,,
2026-02-10T15:13:09.330579,,,,192.168.0.1,192.168.0.167,,,,53,36672,,,,,
2026-02-10T15:13:09.331933,,,,192.168.0.167,172.217.2.138,,,,41998,443,,,,,
2026-02-10T15:13:09.332892,,,,192.168.0.167,172.217.2.138,,,,41998,443,,,,,
2026-02-10T15:13:09.338905,,,,192.168.0.167,172.217.2.138,,,,41998,443,,,,,
2026-02-10T15:13:09.373080,,,,172.217.2.138,192.168.0.167,,,,443,41998,,,,,
2026-02-10T15:13:09.373080,,,,172.217.2.138,192.168.0.167,,,,443,41998,,,,,
2026-02-10T15:13:09.373080,,,,172.217.2.138,192.168.0.167,,,,443,41998,,,,,
2026-02-10T15:13:09.373080,,,,172.217.2.138,192.168.0.167,,,,443,41998,,,,,
2026-02-10T15:13:09.373080,,,,172.217.2.138,192.168.0.167,,,,443,41998,,,,,
2026-02-10T15:13:09.373909,,,,192.168.0.167,172.217.2.138,,,,41998,443,,,,,
2026-02-10T15:13:09.374812,,,,192.168.0.167,172.217.2.138,,,,41998,443,,,,,
2026-02-10T15:13:09.391231,,,,172.217.2.138,192.168.0.167,,,,443,41998,,,,,
2026-02-10T15:13:09.391684,,,,192.168.0.167,172.217.2.138,,,,41998,443,,,,,
2026-02-10T15:13:09.392349,,,,172.217.2.138,192.168.0.167,,,,443,41998,,,,,
2026-02-10T15:13:09.418239,,,,192.168.0.167,172.217.2.138,,,,41998,443,,,,,
2026-02-10T15:13:09.422863,,,,172.217.2.138,192.168.0.167,,,,443,41998,,,,,
2026-02-10T15:13:09.422863,,,,172.217.2.138,192.168.0.167,,,,443,41998,,,,,
2026-02-10T15:13:09.423172,,,,192.168.0.167,172.217.2.138,,,,41998,443,,,,,
2026-02-10T15:13:09.427212,,,,192.168.0.167,172.217.2.138,,,,57486,443,,,,,
2026-02-10T15:13:09.437436,,,,172.217.2.138,192.168.0.167,,,,443,41998,,,,,
2026-02-10T15:13:09.445862,,,,172.217.2.138,192.168.0.167,,,,443,57486,,,,,
2026-02-10T15:13:09.449822,,,,192.168.0.167,172.217.2.138,,,,41998,443,,,,,
2026-02-10T15:13:09.450279,,,,192.168.0.167,172.217.2.138,,,,57486,443,,,,,
2026-02-10T15:13:09.492927,,,,172.217.2.138,192.168.0.167,,,,443,57486,,,,,
2026-02-10T15:13:09.493340,,,,192.168.0.167,172.217.2.138,,,,57486,443,,,,,
2026-02-10T15:13:09.510198,,,,172.217.2.138,192.168.0.167,,,,443,57486,,,,,
2026-02-10T15:13:10.055248,,,,10.8.0.1,239.255.255.250,,,,59518,1900,,,,,
2026-02-10T15:13:10.055268,,,,10.8.0.6,239.255.255.250,,,,49199,1900,,,,,
2026-02-10T15:13:10.055279,,,,192.168.0.167,239.255.255.250,,,,60506,1900,,,,,
2026-02-10T15:13:10.055953,,,,127.0.0.1,127.0.0.1,,,,1194,38178,,,,,
2026-02-10T15:13:10.055993,,,,10.8.0.1,239.255.255.250,,,,59518,1900,,,,,
2026-02-10T15:13:10.056003,,,,127.0.0.1,127.0.0.1,,,,38178,1194,,,,,
2026-02-10T15:13:10.056020,,,,10.8.0.6,239.255.255.250,,,,49199,1900,,,,,
2026-02-10T15:13:11.057022,,,,10.8.0.1,239.255.255.250,,,,59518,1900,,,,,
2026-02-10T15:13:11.057047,,,,10.8.0.6,239.255.255.250,,,,49199,1900,,,,,
2026-02-10T15:13:11.057061,,,,192.168.0.167,239.255.255.250,,,,60506,1900,,,,,
2026-02-10T15:13:11.057706,,,,127.0.0.1,127.0.0.1,,,,1194,38178,,,,,
2026-02-10T15:13:11.057747,,,,10.8.0.1,239.255.255.250,,,,59518,1900,,,,,
2026-02-10T15:13:11.057759,,,,127.0.0.1,127.0.0.1,,,,38178,1194,,,,,
2026-02-10T15:13:11.057775,,,,10.8.0.6,239.255.255.250,,,,49199,1900,,,,,
2026-02-10T15:13:12.057927,,,,10.8.0.1,239.255.255.250,,,,59518,1900,,,,,
2026-02-10T15:13:12.057952,,,,10.8.0.6,239.255.255.250,,,,49199,1900,,,,,
2026-02-10T15:13:12.057966,,,,192.168.0.167,239.255.255.250,,,,60506,1900,,,,,
2026-02-10T15:13:12.059143,,,,127.0.0.1,127.0.0.1,,,,38178,1194,,,,,
2026-02-10T15:13:12.059189,,,,10.8.0.6,239.255.255.250,,,,49199,1900,,,,,
2026-02-10T15:13:12.059204,,,,127.0.0.1,127.0.0.1,,,,1194,38178,,,,,
2026-02-10T15:13:12.059217,,,,10.8.0.1,239.255.255.250,,,,59518,1900,,,,,
2026-02-10T15:13:14.295871,,,,,,,,,,,,,,,
2026-02-10T15:13:14.335675,,,,,,,,,,,,,,,
2026-02-10T15:13:14.335697,,,,,,,,,,,,,,,
2026-02-10T15:13:22.174201,,,,127.0.0.1,127.0.0.1,,,,38178,1194,,,,,
2026-02-10T15:13:22.174560,,,,127.0.0.1,127.0.0.1,,,,1194,38178,,,,,
2026-02-10T15:13:24.429424,,,,192.168.0.167,172.217.2.138,,,,57486,443,,,,,
2026-02-10T15:13:24.447527,,,,172.217.2.138,192.168.0.167,,,,443,57486,,,,,
2026-02-10T15:13:25.306005,,,,,,,,,,,,,,,
2026-02-10T15:13:29.618985,,,,,,,,,,,,,,,
2026-02-10T15:13:29.622069,,,,,,,,,,,,,,,
2026-02-10T15:13:29.739435,,,,172.217.2.138,192.168.0.167,,,,443,57486,,,,,
2026-02-10T15:13:29.744626,,,,192.168.0.167,172.217.2.138,,,,57486,443,,,,,
2026-02-10T15:13:32.322016,,,,127.0.0.1,127.0.0.1,,,,1194,38178,,,,,
2026-02-10T15:13:32.322122,,,,127.0.0.1,127.0.0.1,,,,38178,1194,,,,,
2026-02-10T15:13:36.316411,,,,,,,,,,,,,,,
2026-02-10T15:13:41.394630,,,,192.168.0.167,192.168.0.187,51056,2869,0x00000010,,,,,,,
2026-02-10T15:13:42.370875,,,,127.0.0.1,127.0.0.1,,,,1194,38178,,,,,
2026-02-10T15:13:42.370975,,,,127.0.0.1,127.0.0.1,,,,38178,1194,,,,,
2026-02-10T15:13:44.740983,,,,192.168.0.167,172.217.2.138,,,,57486,443,,,,,
2026-02-10T15:13:44.758957,,,,172.217.2.138,192.168.0.167,,,,443,57486,,,,,
2026-02-10T15:13:46.514510,,,,,,,,,,,,,,,
2026-02-10T15:13:46.734191,,,,,,,,,,,,,,,
2026-02-10T15:13:47.326580,,,,,,,,,,,,,,,
2026-02-10T15:13:50.566892,,,,172.217.2.138,192.168.0.167,,,,443,57486,,,,,
2026-02-10T15:13:50.571611,,,,192.168.0.167,172.217.2.138,,,,57486,443,,,,,
2026-02-10T15:13:52.414655,,,,127.0.0.1,127.0.0.1,,,,38178,1194,,,,,
2026-02-10T15:13:52.414737,,,,127.0.0.1,127.0.0.1,,,,1194,38178,,,,,
2026-02-10T15:13:55.730400,,,,,,,,,,,,,,,
2026-02-10T15:13:55.732902,,,,,,,,,,,,,,,
2026-02-10T15:13:58.337071,,,,,,,,,,,,,,,
2026-02-10T15:14:02.506826,,,,127.0.0.1,127.0.0.1,,,,1194,38178,,,,,
2026-02-10T15:14:02.506952,,,,127.0.0.1,127.0.0.1,,,,38178,1194,,,,,
2026-02-10T15:14:03.010540,,,,,,,,,,,,,,,
2026-02-10T15:14:04.444125,,,,,,,,,,,,,,,
2026-02-10T15:14:05.568794,,,,192.168.0.167,172.217.2.138,,,,57486,443,,,,,
2026-02-10T15:14:05.587457,,,,172.217.2.138,192.168.0.167,,,,443,57486,,,,,
2026-02-10T15:14:09.185849,,,,192.168.0.167,192.168.0.1,,,,54833,53,,,,,
2026-02-10T15:14:09.187393,,,,192.168.0.167,192.168.0.1,,,,8793,53,,,,,
2026-02-10T15:14:09.190416,,,,192.168.0.1,192.168.0.167,,,,53,54833,,,,,
2026-02-10T15:14:09.192103,,,,192.168.0.1,192.168.0.167,,,,53,8793,,,,,
2026-02-10T15:14:09.196976,,,,192.168.0.167,192.178.56.67,,,,41104,443,,,,,
2026-02-10T15:14:09.198239,,,,192.168.0.167,192.178.56.67,,,,41104,443,,,,,
2026-02-10T15:14:09.200324,,,,192.168.0.167,192.178.56.67,,,,41104,443,,,,,
2026-02-10T15:14:09.236971,,,,192.178.56.67,192.168.0.167,,,,443,41104,,,,,
2026-02-10T15:14:09.239481,,,,192.178.56.67,192.168.0.167,,,,443,41104,,,,,
2026-02-10T15:14:09.239481,,,,192.178.56.67,192.168.0.167,,,,443,41104,,,,,
2026-02-10T15:14:09.239481,,,,192.178.56.67,192.168.0.167,,,,443,41104,,,,,
2026-02-10T15:14:09.239481,,,,192.178.56.67,192.168.0.167,,,,443,41104,,,,,
2026-02-10T15:14:09.239481,,,,192.178.56.67,192.168.0.167,,,,443,41104,,,,,
2026-02-10T15:14:09.240827,,,,192.168.0.167,192.178.56.67,,,,41104,443,,,,,
2026-02-10T15:14:09.241401,,,,192.168.0.167,192.178.56.67,,,,41104,443,,,,,
2026-02-10T15:14:09.241961,,,,192.168.0.167,192.178.56.67,,,,41104,443,,,,,
2026-02-10T15:14:09.253991,,,,192.178.56.67,192.168.0.167,,,,443,41104,,,,,
2026-02-10T15:14:09.279507,,,,192.168.0.167,192.178.56.67,,,,41104,443,,,,,
2026-02-10T15:14:09.283337,,,,192.178.56.67,192.168.0.167,,,,443,41104,,,,,
2026-02-10T15:14:09.283693,,,,192.168.0.167,192.178.56.67,,,,41104,443,,,,,
2026-02-10T15:14:09.297874,,,,192.178.56.67,192.168.0.167,,,,443,41104,,,,,
2026-02-10T15:14:09.347857,,,,,,,,,,,,,,,
2026-02-10T15:14:09.347887,,,,,,,,,,,,,,,
2026-02-10T15:14:11.181002,,,,172.217.2.138,192.168.0.167,,,,443,57486,,,,,
2026-02-10T15:14:11.185549,,,,192.168.0.167,172.217.2.138,,,,57486,443,,,,,
2026-02-10T15:14:11.481806,,,,192.168.0.110,224.0.0.251,,,,5353,5353,,,,,
2026-02-10T15:14:11.481806,,,,,,,,,5353,5353,,,,,
2026-02-10T15:14:11.892257,,,,192.168.0.110,224.0.0.251,,,,5353,5353,,,,,
2026-02-10T15:14:11.892258,,,,,,,,,5353,5353,,,,,
2026-02-10T15:14:11.892258,,,,192.168.0.110,192.168.0.255,,,,137,137,,,,,
2026-02-10T15:14:12.302184,,,,192.168.0.110,224.0.0.251,,,,5353,5353,,,,,
2026-02-10T15:14:12.302185,,,,,,,,,5353,5353,,,,,
2026-02-10T15:14:12.482636,,,,192.168.0.110,224.0.0.251,,,,5353,5353,,,,,
2026-02-10T15:14:12.482636,,,,,,,,,5353,5353,,,,,
2026-02-10T15:14:12.483565,,,,192.168.0.110,224.0.0.251,,,,5353,5353,,,,,
2026-02-10T15:14:12.483565,,,,,,,,,5353,5353,,,,,
2026-02-10T15:14:12.483565,,,,192.168.0.110,224.0.0.251,,,,5353,5353,,,,,
2026-02-10T15:14:12.483565,,,,,,,,,5353,5353,,,,,
2026-02-10T15:14:12.610779,,,,127.0.0.1,127.0.0.1,,,,1194,38178,,,,,
2026-02-10T15:14:12.610854,,,,127.0.0.1,127.0.0.1,,,,38178,1194,,,,,
2026-02-10T15:14:12.642781,,,,192.168.0.110,192.168.0.255,,,,137,137,,,,,
2026-02-10T15:14:12.893275,,,,192.168.0.110,224.0.0.251,,,,5353,5353,,,,,
2026-02-10T15:14:12.893275,,,,192.168.0.110,192.168.0.255,,,,137,137,,,,,
2026-02-10T15:14:12.893275,,,,,,,,,5353,5353,,,,,
2026-02-10T15:14:12.893275,,,,192.168.0.110,224.0.0.251,,,,5353,5353,,,,,
2026-02-10T15:14:12.894156,,,,,,,,,5353,5353,,,,,
2026-02-10T15:14:12.894156,,,,192.168.0.110,192.168.0.255,,,,137,137,,,,,
2026-02-10T15:14:12.894156,,,,192.168.0.110,192.168.0.255,,,,137,137,,,,,
2026-02-10T15:14:12.894156,,,,192.168.0.110,224.0.0.251,,,,5353,5353,,,,,
2026-02-10T15:14:12.894907,,,,,,,,,5353,5353,,,,,
2026-02-10T15:14:13.303634,,,,192.168.0.110,224.0.0.251,,,,5353,5353,,,,,
2026-02-10T15:14:13.303634,,,,,,,,,5353,5353,,,,,
2026-02-10T15:14:13.304383,,,,192.168.0.110,224.0.0.251,,,,5353,5353,,,,,
2026-02-10T15:14:13.305199,,,,,,,,,5353,5353,,,,,
2026-02-10T15:14:13.305199,,,,192.168.0.110,224.0.0.251,,,,5353,5353,,,,,
2026-02-10T15:14:13.305199,,,,,,,,,5353,5353,,,,,
2026-02-10T15:14:13.393965,,,,192.168.0.110,192.168.0.255,,,,137,137,,,,,
2026-02-10T15:14:13.644166,,,,192.168.0.110,192.168.0.255,,,,137,137,,,,,
2026-02-10T15:14:13.644911,,,,192.168.0.110,192.168.0.255,,,,137,137,,,,,
2026-02-10T15:14:13.644911,,,,192.168.0.110,192.168.0.255,,,,137,137,,,,,
2026-02-10T15:14:14.394367,,,,192.168.0.110,192.168.0.255,,,,137,137,,,,,
2026-02-10T15:14:14.395319,,,,192.168.0.110,192.168.0.255,,,,137,137,,,,,
2026-02-10T15:14:14.395320,,,,192.168.0.110,192.168.0.255,,,,137,137,,,,,
2026-02-10T15:14:14.448613,,,,192.168.0.182,224.0.0.251,,,,5353,5353,,,,,
2026-02-10T15:14:14.450737,,,,,,,,,5353,5353,,,,,
2026-02-10T15:14:14.450737,,,,192.168.0.182,224.0.0.251,,,,5353,5353,,,,,
2026-02-10T15:14:14.451425,,,,,,,,,5353,5353,,,,,
2026-02-10T15:14:15.145936,,,,192.168.0.110,192.168.0.255,,,,137,137,,,,,
2026-02-10T15:14:15.146825,,,,192.168.0.110,192.168.0.255,,,,137,137,,,,,
2026-02-10T15:14:15.146825,,,,192.168.0.110,192.168.0.255,,,,137,137,,,,,
2026-02-10T15:14:15.455237,,,,192.168.0.182,224.0.0.251,,,,5353,5353,,,,,
2026-02-10T15:14:15.456509,,,,,,,,,5353,5353,,,,,
2026-02-10T15:14:15.896583,,,,192.168.0.110,192.168.0.255,,,,137,137,,,,,
2026-02-10T15:14:15.896583,,,,192.168.0.110,192.168.0.255,,,,137,137,,,,,
2026-02-10T15:14:15.896583,,,,192.168.0.110,192.168.0.255,,,,137,137,,,,,
2026-02-10T15:14:16.459141,,,,192.168.0.182,224.0.0.251,,,,5353,5353,,,,,
2026-02-10T15:14:16.459141,,,,,,,,,5353,5353,,,,,
2026-02-10T15:14:16.646827,,,,192.168.0.110,192.168.0.255,,,,137,137,,,,,
2026-02-10T15:14:16.646827,,,,192.168.0.110,192.168.0.255,,,,137,137,,,,,
2026-02-10T15:14:16.646827,,,,192.168.0.110,192.168.0.255,,,,137,137,,,,,
2026-02-10T15:14:19.096975,,,,192.168.0.167,192.168.0.1,,,,63793,53,,,,,
2026-02-10T15:14:19.097554,,,,192.168.0.167,192.168.0.1,,,,41012,53,,,,,
2026-02-10T15:14:19.100669,,,,192.168.0.1,192.168.0.167,,,,53,63793,,,,,
2026-02-10T15:14:19.100669,,,,192.168.0.1,192.168.0.167,,,,53,41012,,,,,
2026-02-10T15:14:19.101729,,,,192.168.0.167,216.239.36.223,,,,52978,443,,,,,
2026-02-10T15:14:19.102728,,,,192.168.0.167,216.239.36.223,,,,52978,443,,,,,
2026-02-10T15:14:19.141860,,,,216.239.36.223,192.168.0.167,,,,443,52978,,,,,
2026-02-10T15:14:19.141861,,,,216.239.36.223,192.168.0.167,,,,443,52978,,,,,
2026-02-10T15:14:19.141861,,,,216.239.36.223,192.168.0.167,,,,443,52978,,,,,
2026-02-10T15:14:19.141861,,,,216.239.36.223,192.168.0.167,,,,443,52978,,,,,
2026-02-10T15:14:19.142846,,,,192.168.0.167,216.239.36.223,,,,52978,443,,,,,
2026-02-10T15:14:19.143574,,,,216.239.36.223,192.168.0.167,,,,443,52978,,,,,
2026-02-10T15:14:19.143821,,,,192.168.0.167,216.239.36.223,,,,52978,443,,,,,
2026-02-10T15:14:19.144441,,,,192.168.0.167,216.239.36.223,,,,52978,443,,,,,
2026-02-10T15:14:19.156520,,,,216.239.36.223,192.168.0.167,,,,443,52978,,,,,
2026-02-10T15:14:19.159450,,,,216.239.36.223,192.168.0.167,,,,443,52978,,,,,
2026-02-10T15:14:19.159779,,,,192.168.0.167,216.239.36.223,,,,52978,443,,,,,
2026-02-10T15:14:19.202039,,,,216.239.36.223,192.168.0.167,,,,443,52978,,,,,
2026-02-10T15:14:19.202039,,,,216.239.36.223,192.168.0.167,,,,443,52978,,,,,
2026-02-10T15:14:19.202507,,,,192.168.0.167,216.239.36.223,,,,52978,443,,,,,
2026-02-10T15:14:19.229667,,,,192.168.0.167,216.239.36.223,,,,52978,443,,,,,
2026-02-10T15:14:19.242646,,,,216.239.36.223,192.168.0.167,,,,443,52978,,,,,
2026-02-10T15:14:19.973646,,,,192.168.0.182,224.0.0.251,,,,5353,5353,,,,,
2026-02-10T15:14:19.973646,,,,,,,,,5353,5353,,,,,
2026-02-10T15:14:19.974972,,,,192.168.0.182,224.0.0.251,,,,5353,5353,,,,,
2026-02-10T15:14:19.974973,,,,,,,,,5353,5353,,,,,
2026-02-10T15:14:19.975582,,,,192.168.0.182,224.0.0.251,,,,5353,5353,,,,,
2026-02-10T15:14:19.975582,,,,,,,,,5353,5353,,,,,
2026-02-10T15:14:20.358592,,,,,,,,,,,,,,,
2026-02-10T15:14:20.487035,,,,192.168.0.110,224.0.0.251,,,,5353,5353,,,,,
2026-02-10T15:14:20.487035,,,,,,,,,5353,5353,,,,,
2026-02-10T15:14:20.896757,,,,192.168.0.110,224.0.0.251,,,,5353,5353,,,,,
2026-02-10T15:14:20.896757,,,,,,,,,5353,5353,,,,,
2026-02-10T15:14:20.897728,,,,192.168.0.110,192.168.0.255,,,,137,137,,,,,
2026-02-10T15:14:20.976735,,,,192.168.0.182,224.0.0.251,,,,5353,5353,,,,,
2026-02-10T15:14:20.976735,,,,,,,,,5353,5353,,,,,
2026-02-10T15:14:21.186773,,,,192.168.0.182,224.0.0.251,,,,5353,5353,,,,,
2026-02-10T15:14:21.186773,,,,,,,,,5353,5353,,,,,
2026-02-10T15:14:21.189219,,,,192.168.0.182,224.0.0.251,,,,5353,5353,,,,,
2026-02-10T15:14:21.306794,,,,192.168.0.110,224.0.0.251,,,,5353,5353,,,,,
2026-02-10T15:14:21.306794,,,,,,,,,5353,5353,,,,,
2026-02-10T15:14:21.647827,,,,192.168.0.110,192.168.0.255,,,,137,137,,,,,
2026-02-10T15:14:22.193278,,,,192.168.0.182,224.0.0.251,,,,5353,5353,,,,,
2026-02-10T15:14:22.399472,,,,192.168.0.110,192.168.0.255,,,,137,137,,,,,
2026-02-10T15:14:22.682814,,,,127.0.0.1,127.0.0.1,,,,38178,1194,,,,,
2026-02-10T15:14:22.682898,,,,127.0.0.1,127.0.0.1,,,,1194,38178,,,,,
2026-02-10T15:14:23.204645,,,,192.168.0.182,224.0.0.251,,,,5353,5353,,,,,
2026-02-10T15:14:23.207953,,,,,,,,,5353,5353,,,,,
2026-02-10T15:14:24.146481,,,,,,,,,,,,,,,
2026-02-10T15:14:24.149655,,,,,,,,,,,,,,,
2026-02-10T15:14:26.182637,,,,192.168.0.167,172.217.2.138,,,,57486,443,,,,,
2026-02-10T15:14:26.201588,,,,172.217.2.138,192.168.0.167,,,,443,57486,,,,,
2026-02-10T15:14:26.450768,,,,192.168.0.167,192.168.0.187,51056,2869,0x00000010,,,,,,,
2026-02-10T15:14:31.368842,,,,,,,,,,,,,,,
2026-02-10T15:14:31.570474,,,,,,,,,,,,,,,
2026-02-10T15:14:31.788275,,,,172.217.2.138,192.168.0.167,,,,443,57486,,,,,
2026-02-10T15:14:31.793439,,,,192.168.0.167,172.217.2.138,,,,57486,443,,,,,
2026-02-10T15:14:32.594672,,,,,,,,,,,,,,,
2026-02-10T15:14:32.826887,,,,127.0.0.1,127.0.0.1,,,,38178,1194,,,,,
2026-02-10T15:14:32.826945,,,,127.0.0.1,127.0.0.1,,,,1194,38178,,,,,
2026-02-10T15:14:33.619777,,,,,,,,,,,,,,,
2026-02-10T15:14:34.039072,,,,,,,,,,,,,,,
2026-02-10T15:14:39.773204,,,,192.168.0.122,255.255.255.255,,,,39190,7989,,,,,
2026-02-10T15:14:42.242522,,,,127.0.0.1,127.0.0.1,,,,38178,1194,,,,,
2026-02-10T15:14:42.242648,,,,127.0.0.1,127.0.0.1,,,,1194,38178,,,,,
2026-02-10T15:14:42.378941,,,,,,,,,,,,,,,
2026-02-10T15:14:46.789669,,,,192.168.0.167,172.217.2.138,,,,57486,443,,,,,
2026-02-10T15:14:46.807258,,,,172.217.2.138,192.168.0.167,,,,443,57486,,,,,
2026-02-10T15:14:51.795688,,,,,,,,,,,,,,,
2026-02-10T15:14:51.798644,,,,,,,,,,,,,,,
2026-02-10T15:14:51.878565,,,,172.217.2.138,192.168.0.167,,,,443,57486,,,,,
2026-02-10T15:14:51.883007,,,,192.168.0.167,172.217.2.138,,,,57486,443,,,,,
2026-02-10T15:14:52.315534,,,,127.0.0.1,127.0.0.1,,,,1194,38178,,,,,
2026-02-10T15:14:52.315659,,,,127.0.0.1,127.0.0.1,,,,38178,1194,,,,,
2026-02-10T15:14:53.388649,,,,,,,,,,,,,,,
2026-02-10T15:15:02.524634,,,,127.0.0.1,127.0.0.1,,,,1194,38178,,,,,
2026-02-10T15:15:02.524759,,,,127.0.0.1,127.0.0.1,,,,38178,1194,,,,,
2026-02-10T15:15:04.398965,,,,,,,,,,,,,,,
2026-02-10T15:15:06.879755,,,,192.168.0.167,172.217.2.138,,,,57486,443,,,,,
2026-02-10T15:15:06.898095,,,,172.217.2.138,192.168.0.167,,,,443,57486,,,,,
2026-02-10T15:15:08.874906,,,,192.168.0.110,224.0.0.251,,,,5353,5353,,,,,
2026-02-10T15:15:08.874906,,,,,,,,,5353,5353,,,,,
2026-02-10T15:15:09.053831,,,,10.8.0.1,239.255.255.250,,,,43770,1900,,,,,
2026-02-10T15:15:09.053854,,,,10.8.0.6,239.255.255.250,,,,58081,1900,,,,,
2026-02-10T15:15:09.053929,,,,192.168.0.167,239.255.255.250,,,,34365,1900,,,,,
2026-02-10T15:15:09.055005,,,,127.0.0.1,127.0.0.1,,,,1194,38178,,,,,
2026-02-10T15:15:09.055048,,,,10.8.0.1,239.255.255.250,,,,43770,1900,,,,,
2026-02-10T15:15:09.055070,,,,127.0.0.1,127.0.0.1,,,,38178,1194,,,,,
2026-02-10T15:15:09.055100,,,,10.8.0.6,239.255.255.250,,,,58081,1900,,,,,
2026-02-10T15:15:09.284231,,,,192.168.0.110,224.0.0.251,,,,5353,5353,,,,,
2026-02-10T15:15:09.284231,,,,,,,,,5353,5353,,,,,
2026-02-10T15:15:09.285983,,,,192.168.0.110,192.168.0.255,,,,137,137,,,,,
2026-02-10T15:15:09.695130,,,,192.168.0.110,224.0.0.251,,,,5353,5353,,,,,
2026-02-10T15:15:09.695130,,,,,,,,,5353,5353,,,,,
2026-02-10T15:15:10.035605,,,,192.168.0.110,192.168.0.255,,,,137,137,,,,,
2026-02-10T15:15:10.055772,,,,10.8.0.1,239.255.255.250,,,,43770,1900,,,,,
2026-02-10T15:15:10.055796,,,,10.8.0.6,239.255.255.250,,,,58081,1900,,,,,
2026-02-10T15:15:10.055809,,,,192.168.0.167,239.255.255.250,,,,34365,1900,,,,,
2026-02-10T15:15:10.056688,,,,127.0.0.1,127.0.0.1,,,,1194,38178,,,,,
2026-02-10T15:15:10.056738,,,,10.8.0.1,239.255.255.250,,,,43770,1900,,,,,
2026-02-10T15:15:10.056754,,,,127.0.0.1,127.0.0.1,,,,38178,1194,,,,,
2026-02-10T15:15:10.056778,,,,10.8.0.6,239.255.255.250,,,,58081,1900,,,,,
2026-02-10T15:15:10.785903,,,,192.168.0.110,192.168.0.255,,,,137,137,,,,,
2026-02-10T15:15:11.057543,,,,10.8.0.1,239.255.255.250,,,,43770,1900,,,,,
2026-02-10T15:15:11.057606,,,,127.0.0.1,127.0.0.1,,,,1194,38178,,,,,
2026-02-10T15:15:11.057647,,,,10.8.0.1,239.255.255.250,,,,43770,1900,,,,,
2026-02-10T15:15:11.057660,,,,10.8.0.6,239.255.255.250,,,,58081,1900,,,,,
2026-02-10T15:15:11.057670,,,,127.0.0.1,127.0.0.1,,,,38178,1194,,,,,
2026-02-10T15:15:11.057683,,,,10.8.0.6,239.255.255.250,,,,58081,1900,,,,,
2026-02-10T15:15:11.057694,,,,192.168.0.167,239.255.255.250,,,,34365,1900,,,,,
2026-02-10T15:15:11.506715,,,,,,,,,,,,,,,
2026-02-10T15:15:11.623616,,,,,,,,,,,,,,,
2026-02-10T15:15:11.623636,,,,192.168.0.167,192.168.0.187,51056,2869,0x00000010,,,,,,,
2026-02-10T15:15:12.058700,,,,10.8.0.1,239.255.255.250,,,,43770,1900,,,,,
2026-02-10T15:15:12.058717,,,,10.8.0.6,239.255.255.250,,,,58081,1900,,,,,
2026-02-10T15:15:12.058728,,,,192.168.0.167,239.255.255.250,,,,34365,1900,,,,,
2026-02-10T15:15:12.059434,,,,127.0.0.1,127.0.0.1,,,,1194,38178,,,,,
2026-02-10T15:15:12.059510,,,,10.8.0.1,239.255.255.250,,,,43770,1900,,,,,
2026-02-10T15:15:12.059522,,,,127.0.0.1,127.0.0.1,,,,38178,1194,,,,,
2026-02-10T15:15:12.059539,,,,10.8.0.6,239.255.255.250,,,,58081,1900,,,,,
2026-02-10T15:15:12.670489,,,,172.217.2.138,192.168.0.167,,,,443,57486,,,,,
2026-02-10T15:15:12.674561,,,,192.168.0.167,172.217.2.138,,,,57486,443,,,,,
2026-02-10T15:15:14.292833,,,,192.168.0.182,224.0.0.251,,,,5353,5353,,,,,
2026-02-10T15:15:14.300664,,,,,,,,,5353,5353,,,,,
2026-02-10T15:15:14.300664,,,,192.168.0.182,224.0.0.251,,,,5353,5353,,,,,
2026-02-10T15:15:15.302618,,,,192.168.0.182,224.0.0.251,,,,5353,5353,,,,,
2026-02-10T15:15:15.303469,,,,,,,,,5353,5353,,,,,
2026-02-10T15:15:15.409579,,,,,,,,,,,,,,,
2026-02-10T15:15:16.307070,,,,192.168.0.182,224.0.0.251,,,,5353,5353,,,,,
2026-02-10T15:15:16.308338,,,,,,,,,5353,5353,,,,,
2026-02-10T15:15:17.906776,,,,,,,,,,,,,,,
2026-02-10T15:15:17.910576,,,,,,,,,,,,,,,
2026-02-10T15:15:22.234354,,,,127.0.0.1,127.0.0.1,,,,38178,1194,,,,,
2026-02-10T15:15:22.234429,,,,127.0.0.1,127.0.0.1,,,,1194,38178,,,,,
2026-02-10T15:15:26.419931,,,,,,,,,,,,,,,
2026-02-10T15:15:27.671495,,,,192.168.0.167,172.217.2.138,,,,57486,443,,,,,
2026-02-10T15:15:27.689671,,,,172.217.2.138,192.168.0.167,,,,443,57486,,,,,
2026-02-10T15:15:31.690911,,,,,,,,,,,,,,,
2026-02-10T15:15:32.382053,,,,127.0.0.1,127.0.0.1,,,,1194,38178,,,,,
2026-02-10T15:15:32.382168,,,,127.0.0.1,127.0.0.1,,,,38178,1194,,,,,
2026-02-10T15:15:33.363085,,,,172.217.2.138,192.168.0.167,,,,443,57486,,,,,
2026-02-10T15:15:33.367500,,,,192.168.0.167,172.217.2.138,,,,57486,443,,,,,
2026-02-10T15:15:37.430215,,,,,,,,,,,,,,,
2026-02-10T15:15:42.806745,,,,127.0.0.1,127.0.0.1,,,,38178,1194,,,,,
2026-02-10T15:15:42.806906,,,,127.0.0.1,127.0.0.1,,,,1194,38178,,,,,
2026-02-10T15:15:48.363799,,,,192.168.0.167,172.217.2.138,,,,57486,443,,,,,
2026-02-10T15:15:48.383144,,,,172.217.2.138,192.168.0.167,,,,443,57486,,,,,
2026-02-10T15:15:48.440024,,,,,,,,,,,,,,,
2026-02-10T15:15:48.861137,,,,192.168.0.182,224.0.0.251,,,,5353,5353,,,,,
2026-02-10T15:15:48.871727,,,,,,,,,5353,5353,,,,,
2026-02-10T15:15:48.871728,,,,192.168.0.182,224.0.0.251,,,,5353,5353,,,,,
2026-02-10T15:15:48.872328,,,,,,,,,5353,5353,,,,,
2026-02-10T15:15:49.874282,,,,192.168.0.182,224.0.0.251,,,,5353,5353,,,,,
2026-02-10T15:15:49.874283,,,,,,,,,5353,5353,,,,,
2026-02-10T15:15:50.877964,,,,192.168.0.182,224.0.0.251,,,,5353,5353,,,,,
2026-02-10T15:15:50.878779,,,,,,,,,5353,5353,,,,,
2026-02-10T15:15:53.023412,,,,127.0.0.1,127.0.0.1,,,,38178,1194,,,,,
2026-02-10T15:15:53.023498,,,,127.0.0.1,127.0.0.1,,,,1194,38178,,,,,
2026-02-10T15:15:53.490647,,,,,,,,,,,,,,,
2026-02-10T15:15:53.493812,,,,,,,,,,,,,,,
2026-02-10T15:15:54.316661,,,,172.217.2.138,192.168.0.167,,,,443,57486,,,,,
2026-02-10T15:15:54.321310,,,,192.168.0.167,172.217.2.138,,,,57486,443,,,,,
2026-02-10T15:15:56.562674,,,,192.168.0.167,192.168.0.187,51056,2869,0x00000010,,,,,,,
2026-02-10T15:15:59.451099,,,,,,,,,,,,,,,
2026-02-10T15:16:01.683184,,,,,,,,,,,,,,,
2026-02-10T15:16:02.706757,,,,,,,,,,,,,,,
2026-02-10T15:16:03.083973,,,,127.0.0.1,127.0.0.1,,,,1194,38178,,,,,
2026-02-10T15:16:03.084087,,,,127.0.0.1,127.0.0.1,,,,38178,1194,,,,,
2026-02-10T15:16:03.731155,,,,,,,,,,,,,,,
2026-02-10T15:16:09.297285,,,,192.168.0.167,192.168.0.1,,,,33895,53,,,,,
2026-02-10T15:16:09.298866,,,,192.168.0.167,192.168.0.1,,,,34077,53,,,,,
2026-02-10T15:16:09.300843,,,,192.168.0.1,192.168.0.167,,,,53,33895,,,,,
2026-02-10T15:16:09.301949,,,,192.168.0.1,192.168.0.167,,,,53,34077,,,,,
2026-02-10T15:16:09.303261,,,,192.168.0.167,192.178.56.67,,,,46567,443,,,,,
2026-02-10T15:16:09.304099,,,,192.168.0.167,192.178.56.67,,,,46567,443,,,,,
2026-02-10T15:16:09.305306,,,,192.168.0.167,192.178.56.67,,,,46567,443,,,,,
2026-02-10T15:16:09.318067,,,,192.168.0.167,172.217.2.138,,,,57486,443,,,,,
2026-02-10T15:16:09.335862,,,,172.217.2.138,192.168.0.167,,,,443,57486,,,,,
2026-02-10T15:16:09.342279,,,,192.178.56.67,192.168.0.167,,,,443,46567,,,,,
2026-02-10T15:16:09.343315,,,,192.178.56.67,192.168.0.167,,,,443,46567,,,,,
2026-02-10T15:16:09.343315,,,,192.178.56.67,192.168.0.167,,,,443,46567,,,,,
2026-02-10T15:16:09.343315,,,,192.178.56.67,192.168.0.167,,,,443,46567,,,,,
2026-02-10T15:16:09.343315,,,,192.178.56.67,192.168.0.167,,,,443,46567,,,,,
2026-02-10T15:16:09.344222,,,,192.178.56.67,192.168.0.167,,,,443,46567,,,,,
2026-02-10T15:16:09.344357,,,,192.168.0.167,192.178.56.67,,,,46567,443,,,,,
2026-02-10T15:16:09.344818,,,,192.168.0.167,192.178.56.67,,,,46567,443,,,,,
2026-02-10T15:16:09.345280,,,,192.168.0.167,192.178.56.67,,,,46567,443,,,,,
2026-02-10T15:16:09.357554,,,,192.178.56.67,192.168.0.167,,,,443,46567,,,,,
2026-02-10T15:16:09.383312,,,,192.168.0.167,192.178.56.67,,,,46567,443,,,,,
2026-02-10T15:16:09.384128,,,,192.178.56.67,192.168.0.167,,,,443,46567,,,,,
2026-02-10T15:16:09.384128,,,,192.178.56.67,192.168.0.167,,,,443,46567,,,,,
2026-02-10T15:16:09.384410,,,,192.168.0.167,192.178.56.67,,,,46567,443,,,,,
2026-02-10T15:16:09.396396,,,,192.178.56.67,192.168.0.167,,,,443,46567,,,,,
2026-02-10T15:16:09.411502,,,,192.168.0.167,192.178.56.67,,,,46567,443,,,,,
2026-02-10T15:16:10.461134,,,,,,,,,,,,,,,
2026-02-10T15:16:13.107157,,,,127.0.0.1,127.0.0.1,,,,1194,38178,,,,,
2026-02-10T15:16:13.107262,,,,127.0.0.1,127.0.0.1,,,,38178,1194,,,,,
2026-02-10T15:16:14.311157,,,,,,,,,,,,,,,
2026-02-10T15:16:14.311180,,,,,,,,,,,,,,,
2026-02-10T15:16:14.982164,,,,172.217.2.138,192.168.0.167,,,,443,57486,,,,,
2026-02-10T15:16:14.987426,,,,192.168.0.167,172.217.2.138,,,,57486,443,,,,,
2026-02-10T15:16:21.471526,,,,,,,,,,,,,,,
2026-02-10T15:16:23.115522,,,,127.0.0.1,127.0.0.1,,,,38178,1194,,,,,
2026-02-10T15:16:23.115686,,,,127.0.0.1,127.0.0.1,,,,1194,38178,,,,,
2026-02-10T15:16:24.636540,,,,192.168.0.182,224.0.0.251,,,,5353,5353,,,,,
2026-02-10T15:16:24.636540,,,,,,,,,5353,5353,,,,,
2026-02-10T15:16:24.636540,,,,192.168.0.182,224.0.0.251,,,,5353,5353,,,,,
2026-02-10T15:16:24.636540,,,,,,,,,5353,5353,,,,,
2026-02-10T15:16:25.366833,,,,192.168.0.167,172.217.2.138,,,,57486,443,,,,,
2026-02-10T15:16:25.368006,,,,192.168.0.167,172.217.2.138,,,,57486,443,,,,,
2026-02-10T15:16:25.384451,,,,172.217.2.138,192.168.0.167,,,,443,57486,,,,,
2026-02-10T15:16:25.389158,,,,192.168.0.167,172.217.2.138,,,,57486,443,,,,,
2026-02-10T15:16:25.421669,,,,172.217.2.138,192.168.0.167,,,,443,57486,,,,,
2026-02-10T15:16:25.421670,,,,172.217.2.138,192.168.0.167,,,,443,57486,,,,,
2026-02-10T15:16:25.422161,,,,192.168.0.167,172.217.2.138,,,,57486,443,,,,,
2026-02-10T15:16:25.429453,,,,192.168.0.167,172.217.2.138,,,,57486,443,,,,,
2026-02-10T15:16:25.439939,,,,172.217.2.138,192.168.0.167,,,,443,57486,,,,,
2026-02-10T15:16:25.639944,,,,192.168.0.182,224.0.0.251,,,,5353,5353,,,,,
2026-02-10T15:16:25.639944,,,,,,,,,5353,5353,,,,,
2026-02-10T15:16:26.642849,,,,192.168.0.182,224.0.0.251,,,,5353,5353,,,,,
2026-02-10T15:16:26.643358,,,,,,,,,5353,5353,,,,,
2026-02-10T15:16:32.481160,,,,,,,,,,,,,,,
2026-02-10T15:16:33.176881,,,,127.0.0.1,127.0.0.1,,,,1194,38178,,,,,
2026-02-10T15:16:33.177006,,,,127.0.0.1,127.0.0.1,,,,38178,1194,,,,,
2026-02-10T15:16:35.266719,,,,172.217.2.138,192.168.0.167,,,,443,57486,,,,,
2026-02-10T15:16:35.271417,,,,192.168.0.167,172.217.2.138,,,,57486,443,,,,,
2026-02-10T15:16:40.338612,,,,,,,,,,,,,,,
2026-02-10T15:16:40.341729,,,,,,,,,,,,,,,
2026-02-10T15:16:41.618500,,,,,,,,,,,,,,,
2026-02-10T15:16:41.635206,,,,,,,,,,,,,,,
2026-02-10T15:16:41.635224,,,,192.168.0.167,192.168.0.187,51056,2869,0x00000010,,,,,,,
2026-02-10T15:16:43.350990,,,,127.0.0.1,127.0.0.1,,,,1194,38178,,,,,
2026-02-10T15:16:43.351094,,,,127.0.0.1,127.0.0.1,,,,38178,1194,,,,,
2026-02-10T15:16:43.492057,,,,,,,,,,,,,,,
2026-02-10T15:16:50.267925,,,,192.168.0.167,172.217.2.138,,,,57486,443,,,,,
2026-02-10T15:16:50.285630,,,,172.217.2.138,192.168.0.167,,,,443,57486,,,,,
2026-02-10T15:16:53.523449,,,,127.0.0.1,127.0.0.1,,,,38178,1194,,,,,
2026-02-10T15:16:53.523585,,,,127.0.0.1,127.0.0.1,,,,1194,38178,,,,,
2026-02-10T15:16:54.191722,,,,192.168.0.167,192.168.0.1,,,,25130,53,,,,,
2026-02-10T15:16:54.192286,,,,192.168.0.167,192.168.0.1,,,,12446,53,,,,,
2026-02-10T15:16:54.195823,,,,192.168.0.1,192.168.0.167,,,,53,25130,,,,,
2026-02-10T15:16:54.195823,,,,192.168.0.1,192.168.0.167,,,,53,12446,,,,,
2026-02-10T15:16:54.197058,,,,192.168.0.167,216.239.36.223,,,,59154,443,,,,,
2026-02-10T15:16:54.197630,,,,192.168.0.167,216.239.36.223,,,,59154,443,,,,,
2026-02-10T15:16:54.238563,,,,216.239.36.223,192.168.0.167,,,,443,59154,,,,,
2026-02-10T15:16:54.238563,,,,216.239.36.223,192.168.0.167,,,,443,59154,,,,,
2026-02-10T15:16:54.238563,,,,216.239.36.223,192.168.0.167,,,,443,59154,,,,,
2026-02-10T15:16:54.238563,,,,216.239.36.223,192.168.0.167,,,,443,59154,,,,,
2026-02-10T15:16:54.238563,,,,216.239.36.223,192.168.0.167,,,,443,59154,,,,,
2026-02-10T15:16:54.239492,,,,192.168.0.167,216.239.36.223,,,,59154,443,,,,,
2026-02-10T15:16:54.239978,,,,192.168.0.167,216.239.36.223,,,,59154,443,,,,,
2026-02-10T15:16:54.240563,,,,192.168.0.167,216.239.36.223,,,,59154,443,,,,,
2026-02-10T15:16:54.252782,,,,216.239.36.223,192.168.0.167,,,,443,59154,,,,,
2026-02-10T15:16:54.252782,,,,216.239.36.223,192.168.0.167,,,,443,59154,,,,,
2026-02-10T15:16:54.253779,,,,192.168.0.167,216.239.36.223,,,,59154,443,,,,,
2026-02-10T15:16:54.295578,,,,216.239.36.223,192.168.0.167,,,,443,59154,,,,,
2026-02-10T15:16:54.295579,,,,216.239.36.223,192.168.0.167,,,,443,59154,,,,,
2026-02-10T15:16:54.296047,,,,192.168.0.167,216.239.36.223,,,,59154,443,,,,,
2026-02-10T15:16:54.323619,,,,192.168.0.167,216.239.36.223,,,,59154,443,,,,,
2026-02-10T15:16:54.335254,,,,216.239.36.223,192.168.0.167,,,,443,59154,,,,,
2026-02-10T15:16:54.502567,,,,,,,,,,,,,,,
2026-02-10T15:16:54.502589,,,,,,,,,,,,,,,
2026-02-10T15:16:56.145423,,,,172.217.2.138,192.168.0.167,,,,443,57486,,,,,
2026-02-10T15:16:56.149724,,,,192.168.0.167,172.217.2.138,,,,57486,443,,,,,
2026-02-10T15:17:00.311543,,,,,,,,,,,,,,,
2026-02-10T15:17:00.312299,,,,,,,,,,,,,,,
2026-02-10T15:17:00.313162,,,,,,,,,,,,,,,
2026-02-10T15:17:03.538321,,,,127.0.0.1,127.0.0.1,,,,1194,38178,,,,,
2026-02-10T15:17:03.538449,,,,127.0.0.1,127.0.0.1,,,,38178,1194,,,,,
2026-02-10T15:17:05.512920,,,,,,,,,,,,,,,
2026-02-10T15:17:08.896748,,,,192.168.0.110,224.0.0.251,,,,5353,5353,,,,,
2026-02-10T15:17:08.896749,,,,,,,,,5353,5353,,,,,
2026-02-10T15:17:09.054351,,,,10.8.0.1,239.255.255.250,,,,38369,1900,,,,,
2026-02-10T15:17:09.054368,,,,10.8.0.6,239.255.255.250,,,,60198,1900,,,,,
2026-02-10T15:17:09.054379,,,,192.168.0.167,239.255.255.250,,,,48218,1900,,,,,
2026-02-10T15:17:09.055281,,,,127.0.0.1,127.0.0.1,,,,1194,38178,,,,,
2026-02-10T15:17:09.055322,,,,10.8.0.1,239.255.255.250,,,,38369,1900,,,,,
2026-02-10T15:17:09.055334,,,,127.0.0.1,127.0.0.1,,,,38178,1194,,,,,
2026-02-10T15:17:09.055349,,,,10.8.0.6,239.255.255.250,,,,60198,1900,,,,,
2026-02-10T15:17:09.306973,,,,192.168.0.110,224.0.0.251,,,,5353,5353,,,,,
2026-02-10T15:17:09.306973,,,,,,,,,5353,5353,,,,,
2026-02-10T15:17:09.307857,,,,192.168.0.110,192.168.0.255,,,,137,137,,,,,
2026-02-10T15:17:09.717286,,,,192.168.0.110,224.0.0.251,,,,5353,5353,,,,,
2026-02-10T15:17:09.717286,,,,,,,,,5353,5353,,,,,
2026-02-10T15:17:10.056388,,,,10.8.0.1,239.255.255.250,,,,38369,1900,,,,,
2026-02-10T15:17:10.056453,,,,127.0.0.1,127.0.0.1,,,,1194,38178,,,,,
2026-02-10T15:17:10.056495,,,,10.8.0.1,239.255.255.250,,,,38369,1900,,,,,
2026-02-10T15:17:10.056509,,,,10.8.0.6,239.255.255.250,,,,60198,1900,,,,,
2026-02-10T15:17:10.056521,,,,127.0.0.1,127.0.0.1,,,,38178,1194,,,,,
2026-02-10T15:17:10.056537,,,,10.8.0.6,239.255.255.250,,,,60198,1900,,,,,
2026-02-10T15:17:10.056549,,,,192.168.0.167,239.255.255.250,,,,48218,1900,,,,,
2026-02-10T15:17:10.058952,,,,192.168.0.110,192.168.0.255,,,,137,137,,,,,
2026-02-10T15:17:10.809836,,,,192.168.0.110,192.168.0.255,,,,137,137,,,,,
2026-02-10T15:17:11.057774,,,,10.8.0.1,239.255.255.250,,,,38369,1900,,,,,
2026-02-10T15:17:11.057795,,,,10.8.0.6,239.255.255.250,,,,60198,1900,,,,,
2026-02-10T15:17:11.057805,,,,192.168.0.167,239.255.255.250,,,,48218,1900,,,,,
2026-02-10T15:17:11.058618,,,,127.0.0.1,127.0.0.1,,,,1194,38178,,,,,
2026-02-10T15:17:11.058655,,,,10.8.0.1,239.255.255.250,,,,38369,1900,,,,,
2026-02-10T15:17:11.058665,,,,127.0.0.1,127.0.0.1,,,,38178,1194,,,,,
2026-02-10T15:17:11.058680,,,,10.8.0.6,239.255.255.250,,,,60198,1900,,,,,
2026-02-10T15:17:11.147609,,,,192.168.0.167,172.217.2.138,,,,57486,443,,,,,
2026-02-10T15:17:11.166157,,,,172.217.2.138,192.168.0.167,,,,443,57486,,,,,
2026-02-10T15:17:12.059586,,,,10.8.0.1,239.255.255.250,,,,38369,1900,,,,,
2026-02-10T15:17:12.059610,,,,10.8.0.6,239.255.255.250,,,,60198,1900,,,,,
2026-02-10T15:17:12.059623,,,,192.168.0.167,239.255.255.250,,,,48218,1900,,,,,
2026-02-10T15:17:12.060439,,,,127.0.0.1,127.0.0.1,,,,1194,38178,,,,,
2026-02-10T15:17:12.060483,,,,10.8.0.1,239.255.255.250,,,,38369,1900,,,,,
2026-02-10T15:17:12.060495,,,,127.0.0.1,127.0.0.1,,,,38178,1194,,,,,
2026-02-10T15:17:12.060512,,,,10.8.0.6,239.255.255.250,,,,60198,1900,,,,,
2026-02-10T15:17:16.329875,,,,172.217.2.138,192.168.0.167,,,,443,57486,,,,,
2026-02-10T15:17:16.329875,,,,172.217.2.138,192.168.0.167,,,,443,57486,,,,,
2026-02-10T15:17:16.333591,,,,192.168.0.167,172.217.2.138,,,,57486,443,,,,,
2026-02-10T15:17:16.368254,,,,192.168.0.167,192.168.0.1,,,,38036,53,,,,,
2026-02-10T15:17:16.369025,,,,192.168.0.167,192.168.0.1,,,,34294,53,,,,,
2026-02-10T15:17:16.372310,,,,192.168.0.1,192.168.0.167,,,,53,38036,,,,,
2026-02-10T15:17:16.374343,,,,192.168.0.1,192.168.0.167,,,,53,34294,,,,,
2026-02-10T15:17:16.375146,,,,192.168.0.167,172.217.2.138,,,,49332,443,,,,,
2026-02-10T15:17:16.375711,,,,192.168.0.167,172.217.2.138,,,,49332,443,,,,,
2026-02-10T15:17:16.376791,,,,192.168.0.167,172.217.2.138,,,,49332,443,,,,,
2026-02-10T15:17:16.414340,,,,172.217.2.138,192.168.0.167,,,,443,49332,,,,,
2026-02-10T15:17:16.415468,,,,172.217.2.138,192.168.0.167,,,,443,49332,,,,,
2026-02-10T15:17:16.415468,,,,172.217.2.138,192.168.0.167,,,,443,49332,,,,,
2026-02-10T15:17:16.415468,,,,172.217.2.138,192.168.0.167,,,,443,49332,,,,,
2026-02-10T15:17:16.415468,,,,172.217.2.138,192.168.0.167,,,,443,49332,,,,,
2026-02-10T15:17:16.416577,,,,192.168.0.167,172.217.2.138,,,,49332,443,,,,,
2026-02-10T15:17:16.417026,,,,192.168.0.167,172.217.2.138,,,,49332,443,,,,,
2026-02-10T15:17:16.430694,,,,172.217.2.138,192.168.0.167,,,,443,49332,,,,,
2026-02-10T15:17:16.430694,,,,172.217.2.138,192.168.0.167,,,,443,49332,,,,,
2026-02-10T15:17:16.431496,,,,192.168.0.167,172.217.2.138,,,,49332,443,,,,,
2026-02-10T15:17:16.457482,,,,192.168.0.167,172.217.2.138,,,,49332,443,,,,,
2026-02-10T15:17:16.465344,,,,172.217.2.138,192.168.0.167,,,,443,49332,,,,,
2026-02-10T15:17:16.465344,,,,172.217.2.138,192.168.0.167,,,,443,49332,,,,,
2026-02-10T15:17:16.465698,,,,192.168.0.167,172.217.2.138,,,,49332,443,,,,,
2026-02-10T15:17:16.469684,,,,192.168.0.167,172.217.2.138,,,,57486,443,,,,,
2026-02-10T15:17:16.478144,,,,172.217.2.138,192.168.0.167,,,,443,49332,,,,,
2026-02-10T15:17:16.489587,,,,172.217.2.138,192.168.0.167,,,,443,57486,,,,,
2026-02-10T15:17:16.492373,,,,192.168.0.167,172.217.2.138,,,,49332,443,,,,,
2026-02-10T15:17:16.493123,,,,192.168.0.167,172.217.2.138,,,,57486,443,,,,,
2026-02-10T15:17:16.523246,,,,,,,,,,,,,,,
2026-02-10T15:17:16.523268,,,,,,,,,,,,,,,
2026-02-10T15:17:16.534985,,,,172.217.2.138,192.168.0.167,,,,443,57486,,,,,
2026-02-10T15:17:16.535311,,,,192.168.0.167,172.217.2.138,,,,57486,443,,,,,
2026-02-10T15:17:16.553014,,,,172.217.2.138,192.168.0.167,,,,443,57486,,,,,
2026-02-10T15:17:22.391328,,,,127.0.0.1,127.0.0.1,,,,38178,1194,,,,,
2026-02-10T15:17:22.391408,,,,127.0.0.1,127.0.0.1,,,,1194,38178,,,,,
2026-02-10T15:17:26.674561,,,,192.168.0.167,192.168.0.187,51056,2869,0x00000014,,,,,,,
2026-02-10T15:17:27.533257,,,,,,,,,,,,,,,
2026-02-10T15:17:31.470976,,,,192.168.0.167,172.217.2.138,,,,57486,443,,,,,
2026-02-10T15:17:31.489351,,,,172.217.2.138,192.168.0.167,,,,443,57486,,,,,
2026-02-10T15:17:32.738811,,,,127.0.0.1,127.0.0.1,,,,1194,38178,,,,,
2026-02-10T15:17:32.738873,,,,127.0.0.1,127.0.0.1,,,,38178,1194,,,,,
2026-02-10T15:17:36.658325,,,,,,,,,,,,,,,
2026-02-10T15:17:36.661194,,,,,,,,,,,,,,,
2026-02-10T15:17:36.724550,,,,172.217.2.138,192.168.0.167,,,,443,57486,,,,,
2026-02-10T15:17:36.729399,,,,192.168.0.167,172.217.2.138,,,,57486,443,,,,,
2026-02-10T15:17:38.543460,,,,,,,,,,,,,,,
2026-02-10T15:17:40.410918,,,,192.168.0.122,255.255.255.255,,,,39190,7989,,,,,
2026-02-10T15:17:42.282483,,,,127.0.0.1,127.0.0.1,,,,38178,1194,,,,,
2026-02-10T15:17:42.282551,,,,127.0.0.1,127.0.0.1,,,,1194,38178,,,,,
2026-02-10T15:17:44.946686,,,,192.168.0.167,192.168.0.1,,,,48127,53,,,,,
2026-02-10T15:17:44.948253,,,,192.168.0.167,192.168.0.1,,,,12682,53,,,,,
2026-02-10T15:17:44.950552,,,,192.168.0.1,192.168.0.167,,,,53,48127,,,,,
2026-02-10T15:17:44.951228,,,,192.168.0.1,192.168.0.167,,,,53,12682,,,,,
2026-02-10T15:17:44.951975,,,,192.168.0.167,192.178.220.84,,,,49923,443,,,,,
2026-02-10T15:17:44.952574,,,,192.168.0.167,192.178.220.84,,,,49923,443,,,,,
2026-02-10T15:17:45.047230,,,,192.178.220.84,192.168.0.167,,,,443,49923,,,,,
2026-02-10T15:17:45.047231,,,,192.178.220.84,192.168.0.167,,,,443,49923,,,,,
2026-02-10T15:17:45.048201,,,,192.168.0.167,192.178.220.84,,,,49923,443,,,,,
2026-02-10T15:17:45.049310,,,,192.168.0.167,192.178.220.84,,,,49923,443,,,,,
2026-02-10T15:17:45.049996,,,,192.168.0.167,192.178.220.84,,,,49923,443,,,,,
2026-02-10T15:17:45.050616,,,,192.168.0.167,192.178.220.84,,,,49923,443,,,,,
2026-02-10T15:17:45.051041,,,,192.168.0.167,192.178.220.84,,,,49923,443,,,,,
2026-02-10T15:17:45.051405,,,,192.168.0.167,192.178.220.84,,,,49923,443,,,,,
2026-02-10T15:17:45.069529,,,,192.178.220.84,192.168.0.167,,,,443,49923,,,,,
2026-02-10T15:17:45.134079,,,,192.178.220.84,192.168.0.167,,,,443,49923,,,,,
2026-02-10T15:17:45.134079,,,,192.178.220.84,192.168.0.167,,,,443,49923,,,,,
2026-02-10T15:17:45.134079,,,,192.178.220.84,192.168.0.167,,,,443,49923,,,,,
2026-02-10T15:17:45.157936,,,,192.178.220.84,192.168.0.167,,,,443,49923,,,,,
2026-02-10T15:17:45.158258,,,,192.168.0.167,192.178.220.84,,,,49923,443,,,,,
2026-02-10T15:17:45.171479,,,,192.178.220.84,192.168.0.167,,,,443,49923,,,,,
2026-02-10T15:17:45.171479,,,,192.178.220.84,192.168.0.167,,,,443,49923,,,,,
2026-02-10T15:17:45.171479,,,,192.178.220.84,192.168.0.167,,,,443,49923,,,,,
2026-02-10T15:17:45.171479,,,,192.178.220.84,192.168.0.167,,,,443,49923,,,,,
2026-02-10T15:17:45.171905,,,,192.168.0.167,192.178.220.84,,,,49923,443,,,,,
2026-02-10T15:17:45.172380,,,,192.168.0.167,192.178.220.84,,,,49923,443,,,,,
2026-02-10T15:17:45.243065,,,,192.178.220.84,192.168.0.167,,,,443,49923,,,,,
2026-02-10T15:17:45.245876,,,,192.178.220.84,192.168.0.167,,,,443,49923,,,,,
2026-02-10T15:17:45.246257,,,,192.168.0.167,192.178.220.84,,,,49923,443,,,,,
2026-02-10T15:17:45.280972,,,,192.178.220.84,192.168.0.167,,,,443,49923,,,,,
2026-02-10T15:17:49.554022,,,,,,,,,,,,,,,
2026-02-10T15:17:51.726291,,,,192.168.0.167,172.217.2.138,,,,57486,443,,,,,
2026-02-10T15:17:51.744776,,,,172.217.2.138,192.168.0.167,,,,443,57486,,,,,
2026-02-10T15:17:52.451082,,,,127.0.0.1,127.0.0.1,,,,1194,38178,,,,,
2026-02-10T15:17:52.451137,,,,127.0.0.1,127.0.0.1,,,,38178,1194,,,,,
2026-02-10T15:17:56.958622,,,,172.217.2.138,192.168.0.167,,,,443,57486,,,,,
2026-02-10T15:17:56.963219,,,,192.168.0.167,172.217.2.138,,,,57486,443,,,,,
2026-02-10T15:18:00.563661,,,,,,,,,,,,,,,
2026-02-10T15:18:02.806891,,,,127.0.0.1,127.0.0.1,,,,1194,38178,,,,,
2026-02-10T15:18:02.806954,,,,127.0.0.1,127.0.0.1,,,,38178,1194,,,,,
2026-02-10T15:18:09.417489,,,,192.168.0.167,192.168.0.1,,,,55021,53,,,,,
2026-02-10T15:18:09.419709,,,,192.168.0.167,192.168.0.1,,,,5237,53,,,,,
2026-02-10T15:18:09.420959,,,,192.168.0.1,192.168.0.167,,,,53,55021,,,,,
2026-02-10T15:18:09.423208,,,,192.168.0.1,192.168.0.167,,,,53,5237,,,,,
2026-02-10T15:18:09.423997,,,,192.168.0.167,192.178.56.67,,,,58460,443,,,,,
2026-02-10T15:18:09.424901,,,,192.168.0.167,192.178.56.67,,,,58460,443,,,,,
2026-02-10T15:18:09.425700,,,,192.168.0.167,192.178.56.67,,,,58460,443,,,,,
2026-02-10T15:18:09.465966,,,,192.178.56.67,192.168.0.167,,,,443,58460,,,,,
2026-02-10T15:18:09.468432,,,,192.178.56.67,192.168.0.167,,,,443,58460,,,,,
2026-02-10T15:18:09.468432,,,,192.178.56.67,192.168.0.167,,,,443,58460,,,,,
2026-02-10T15:18:09.468432,,,,192.178.56.67,192.168.0.167,,,,443,58460,,,,,
2026-02-10T15:18:09.468432,,,,192.178.56.67,192.168.0.167,,,,443,58460,,,,,
2026-02-10T15:18:09.469316,,,,192.168.0.167,192.178.56.67,,,,58460,443,,,,,
2026-02-10T15:18:09.469845,,,,192.168.0.167,192.178.56.67,,,,58460,443,,,,,
2026-02-10T15:18:09.470141,,,,192.178.56.67,192.168.0.167,,,,443,58460,,,,,
2026-02-10T15:18:09.470334,,,,192.168.0.167,192.178.56.67,,,,58460,443,,,,,
2026-02-10T15:18:09.483922,,,,192.178.56.67,192.168.0.167,,,,443,58460,,,,,
2026-02-10T15:18:09.509619,,,,192.168.0.167,192.178.56.67,,,,58460,443,,,,,
2026-02-10T15:18:09.512428,,,,192.178.56.67,192.168.0.167,,,,443,58460,,,,,
2026-02-10T15:18:09.512428,,,,192.178.56.67,192.168.0.167,,,,443,58460,,,,,
2026-02-10T15:18:09.512968,,,,192.168.0.167,192.178.56.67,,,,58460,443,,,,,
2026-02-10T15:18:09.527737,,,,192.178.56.67,192.168.0.167,,,,443,58460,,,,,
2026-02-10T15:18:09.539303,,,,192.168.0.167,192.178.56.67,,,,58460,443,,,,,
2026-02-10T15:18:11.574013,,,,,,,,,,,,,,,
2026-02-10T15:18:11.960185,,,,192.168.0.167,172.217.2.138,,,,57486,443,,,,,
2026-02-10T15:18:11.976404,,,,172.217.2.138,192.168.0.167,,,,443,57486,,,,,
2026-02-10T15:18:12.219133,,,,127.0.0.1,127.0.0.1,,,,38178,1194,,,,,
2026-02-10T15:18:12.219297,,,,127.0.0.1,127.0.0.1,,,,1194,38178,,,,,
2026-02-10T15:18:14.424469,,,,,,,,,,,,,,,
2026-02-10T15:18:14.424489,,,,,,,,,,,,,,,
2026-02-10T15:18:17.029575,,,,172.217.2.138,192.168.0.167,,,,443,57486,,,,,
2026-02-10T15:18:17.033914,,,,192.168.0.167,172.217.2.138,,,,57486,443,,,,,
2026-02-10T15:18:22.226575,,,,,,,,,,,,,,,
2026-02-10T15:18:22.229077,,,,,,,,,,,,,,,
2026-02-10T15:18:22.331126,,,,127.0.0.1,127.0.0.1,,,,38178,1194,,,,,
2026-02-10T15:18:22.331204,,,,127.0.0.1,127.0.0.1,,,,1194,38178,,,,,
2026-02-10T15:18:22.584033,,,,,,,,,,,,,,,
2026-02-10T15:18:32.030620,,,,192.168.0.167,172.217.2.138,,,,57486,443,,,,,
2026-02-10T15:18:32.048567,,,,172.217.2.138,192.168.0.167,,,,443,57486,,,,,
2026-02-10T15:18:32.511092,,,,127.0.0.1,127.0.0.1,,,,1194,38178,,,,,
2026-02-10T15:18:32.511154,,,,127.0.0.1,127.0.0.1,,,,38178,1194,,,,,
2026-02-10T15:18:33.595042,,,,,,,,,,,,,,,
2026-02-10T15:18:37.559139,,,,172.217.2.138,192.168.0.167,,,,443,57486,,,,,
2026-02-10T15:18:37.563488,,,,192.168.0.167,172.217.2.138,,,,57486,443,,,,,
2026-02-10T15:18:42.730509,,,,127.0.0.1,127.0.0.1,,,,1194,38178,,,,,
2026-02-10T15:18:42.730557,,,,127.0.0.1,127.0.0.1,,,,38178,1194,,,,,
2026-02-10T15:18:44.606710,,,,,,,,,,,,,,,
2026-02-10T15:18:52.560067,,,,192.168.0.167,172.217.2.138,,,,57486,443,,,,,
2026-02-10T15:18:52.577949,,,,172.217.2.138,192.168.0.167,,,,443,57486,,,,,
2026-02-10T15:18:52.812343,,,,127.0.0.1,127.0.0.1,,,,1194,38178,,,,,
2026-02-10T15:18:52.812409,,,,127.0.0.1,127.0.0.1,,,,38178,1194,,,,,
2026-02-10T15:18:55.615181,,,,,,,,,,,,,,,
2026-02-10T15:18:57.951443,,,,172.217.2.138,192.168.0.167,,,,443,57486,,,,,
2026-02-10T15:18:57.955167,,,,192.168.0.167,172.217.2.138,,,,57486,443,,,,,
2026-02-10T15:19:02.214635,,,,127.0.0.1,127.0.0.1,,,,38178,1194,,,,,
2026-02-10T15:19:02.214790,,,,127.0.0.1,127.0.0.1,,,,1194,38178,,,,,
2026-02-10T15:19:06.625408,,,,,,,,,,,,,,,
2026-02-10T15:19:09.055835,,,,10.8.0.1,239.255.255.250,,,,53810,1900,,,,,
2026-02-10T15:19:09.055854,,,,10.8.0.6,239.255.255.250,,,,36049,1900,,,,,
2026-02-10T15:19:09.055867,,,,192.168.0.167,239.255.255.250,,,,39988,1900,,,,,
2026-02-10T15:19:09.056563,,,,127.0.0.1,127.0.0.1,,,,1194,38178,,,,,
2026-02-10T15:19:09.056627,,,,10.8.0.1,239.255.255.250,,,,53810,1900,,,,,
2026-02-10T15:19:09.056642,,,,127.0.0.1,127.0.0.1,,,,38178,1194,,,,,
2026-02-10T15:19:09.056660,,,,10.8.0.6,239.255.255.250,,,,36049,1900,,,,,
2026-02-10T15:19:10.058240,,,,10.8.0.1,239.255.255.250,,,,53810,1900,,,,,
2026-02-10T15:19:10.058264,,,,10.8.0.6,239.255.255.250,,,,36049,1900,,,,,
2026-02-10T15:19:10.058278,,,,192.168.0.167,239.255.255.250,,,,39988,1900,,,,,
2026-02-10T15:19:10.059249,,,,127.0.0.1,127.0.0.1,,,,1194,38178,,,,,
2026-02-10T15:19:10.059309,,,,10.8.0.1,239.255.255.250,,,,53810,1900,,,,,
2026-02-10T15:19:10.059320,,,,127.0.0.1,127.0.0.1,,,,38178,1194,,,,,
2026-02-10T15:19:10.059339,,,,10.8.0.6,239.255.255.250,,,,36049,1900,,,,,
2026-02-10T15:19:11.059577,,,,10.8.0.1,239.255.255.250,,,,53810,1900,,,,,
2026-02-10T15:19:11.059601,,,,10.8.0.6,239.255.255.250,,,,36049,1900,,,,,
2026-02-10T15:19:11.059614,,,,192.168.0.167,239.255.255.250,,,,39988,1900,,,,,
2026-02-10T15:19:11.060266,,,,127.0.0.1,127.0.0.1,,,,1194,38178,,,,,
2026-02-10T15:19:11.060309,,,,10.8.0.1,239.255.255.250,,,,53810,1900,,,,,
2026-02-10T15:19:11.060328,,,,127.0.0.1,127.0.0.1,,,,38178,1194,,,,,
2026-02-10T15:19:11.060356,,,,10.8.0.6,239.255.255.250,,,,36049,1900,,,,,
2026-02-10T15:19:12.061236,,,,10.8.0.1,239.255.255.250,,,,53810,1900,,,,,
2026-02-10T15:19:12.061258,,,,10.8.0.6,239.255.255.250,,,,36049,1900,,,,,
2026-02-10T15:19:12.061271,,,,192.168.0.167,239.255.255.250,,,,39988,1900,,,,,
2026-02-10T15:19:12.062079,,,,127.0.0.1,127.0.0.1,,,,1194,38178,,,,,
2026-02-10T15:19:12.062131,,,,10.8.0.1,239.255.255.250,,,,53810,1900,,,,,
2026-02-10T15:19:12.062142,,,,127.0.0.1,127.0.0.1,,,,38178,1194,,,,,
2026-02-10T15:19:12.062158,,,,10.8.0.6,239.255.255.250,,,,36049,1900,,,,,
2026-02-10T15:19:12.953074,,,,192.168.0.167,172.217.2.138,,,,57486,443,,,,,
2026-02-10T15:19:12.970953,,,,172.217.2.138,192.168.0.167,,,,443,57486,,,,,
2026-02-10T15:19:17.635555,,,,,,,,,,,,,,,
2026-02-10T15:19:18.034401,,,,,,,,,,,,,,,
2026-02-10T15:19:18.036942,,,,,,,,,,,,,,,
2026-02-10T15:19:18.721570,,,,172.217.2.138,192.168.0.167,,,,443,57486,,,,,
2026-02-10T15:19:18.726658,,,,192.168.0.167,172.217.2.138,,,,57486,443,,,,,
2026-02-10T15:19:22.096095,,,,127.0.0.1,127.0.0.1,,,,1194,38178,,,,,
2026-02-10T15:19:22.096144,,,,127.0.0.1,127.0.0.1,,,,38178,1194,,,,,
2026-02-10T15:19:27.689070,,,,192.168.0.167,192.168.0.1,,,,47279,53,,,,,
2026-02-10T15:19:27.689604,,,,192.168.0.167,192.168.0.1,,,,5848,53,,,,,
2026-02-10T15:19:27.728374,,,,,,,,,,,,,,,
2026-02-10T15:19:27.728397,,,,,,,,,,,,,,,
2026-02-10T15:19:27.733479,,,,192.168.0.1,192.168.0.167,,,,53,47279,,,,,
2026-02-10T15:19:27.738668,,,,192.168.0.1,192.168.0.167,,,,53,5848,,,,,
2026-02-10T15:19:27.739903,,,,192.168.0.167,216.239.36.223,,,,56711,443,,,,,
2026-02-10T15:19:27.740597,,,,192.168.0.167,216.239.36.223,,,,56711,443,,,,,
2026-02-10T15:19:27.780093,,,,216.239.36.223,192.168.0.167,,,,443,56711,,,,,
2026-02-10T15:19:27.783165,,,,216.239.36.223,192.168.0.167,,,,443,56711,,,,,
2026-02-10T15:19:27.783165,,,,216.239.36.223,192.168.0.167,,,,443,56711,,,,,
2026-02-10T15:19:27.783165,,,,216.239.36.223,192.168.0.167,,,,443,56711,,,,,
2026-02-10T15:19:27.783165,,,,216.239.36.223,192.168.0.167,,,,443,56711,,,,,
2026-02-10T15:19:27.783941,,,,192.168.0.167,216.239.36.223,,,,56711,443,,,,,
2026-02-10T15:19:27.784439,,,,192.168.0.167,216.239.36.223,,,,56711,443,,,,,
2026-02-10T15:19:27.785088,,,,192.168.0.167,216.239.36.223,,,,56711,443,,,,,
2026-02-10T15:19:27.798022,,,,216.239.36.223,192.168.0.167,,,,443,56711,,,,,
2026-02-10T15:19:27.799973,,,,216.239.36.223,192.168.0.167,,,,443,56711,,,,,
2026-02-10T15:19:27.800185,,,,192.168.0.167,216.239.36.223,,,,56711,443,,,,,
2026-02-10T15:19:27.847213,,,,216.239.36.223,192.168.0.167,,,,443,56711,,,,,
2026-02-10T15:19:27.847213,,,,216.239.36.223,192.168.0.167,,,,443,56711,,,,,
2026-02-10T15:19:27.847601,,,,192.168.0.167,216.239.36.223,,,,56711,443,,,,,
2026-02-10T15:19:27.874826,,,,192.168.0.167,216.239.36.223,,,,56711,443,,,,,
2026-02-10T15:19:27.886650,,,,216.239.36.223,192.168.0.167,,,,443,56711,,,,,
2026-02-10T15:19:28.646228,,,,,,,,,,,,,,,
2026-02-10T15:19:32.398539,,,,127.0.0.1,127.0.0.1,,,,38178,1194,,,,,
2026-02-10T15:19:32.398684,,,,127.0.0.1,127.0.0.1,,,,1194,38178,,,,,
2026-02-10T15:19:33.722713,,,,192.168.0.167,172.217.2.138,,,,57486,443,,,,,
2026-02-10T15:19:33.739881,,,,172.217.2.138,192.168.0.167,,,,443,57486,,,,,
2026-02-10T15:19:39.443467,,,,172.217.2.138,192.168.0.167,,,,443,57486,,,,,
2026-02-10T15:19:39.448498,,,,192.168.0.167,172.217.2.138,,,,57486,443,,,,,
2026-02-10T15:19:39.656252,,,,,,,,,,,,,,,
2026-02-10T15:19:42.771074,,,,127.0.0.1,127.0.0.1,,,,1194,38178,,,,,
2026-02-10T15:19:42.771137,,,,127.0.0.1,127.0.0.1,,,,38178,1194,,,,,
2026-02-10T15:19:47.352596,,,,192.168.0.182,224.0.0.251,,,,5353,5353,,,,,
2026-02-10T15:19:47.365275,,,,,,,,,5353,5353,,,,,
2026-02-10T15:19:47.368197,,,,192.168.0.182,224.0.0.251,,,,5353,5353,,,,,
2026-02-10T15:19:47.369037,,,,,,,,,5353,5353,,,,,
2026-02-10T15:19:48.372509,,,,192.168.0.182,224.0.0.251,,,,5353,5353,,,,,
2026-02-10T15:19:48.372509,,,,,,,,,5353,5353,,,,,
2026-02-10T15:19:49.373340,,,,192.168.0.182,224.0.0.251,,,,5353,5353,,,,,
2026-02-10T15:19:49.374086,,,,,,,,,5353,5353,,,,,
2026-02-10T15:19:50.666924,,,,,,,,,,,,,,,
2026-02-10T15:19:52.055789,,,,127.0.0.1,127.0.0.1,,,,38178,1194,,,,,
2026-02-10T15:19:52.055945,,,,127.0.0.1,127.0.0.1,,,,1194,38178,,,,,
2026-02-10T15:19:54.444824,,,,192.168.0.167,172.217.2.138,,,,57486,443,,,,,
2026-02-10T15:19:54.465276,,,,172.217.2.138,192.168.0.167,,,,443,57486,,,,,
2026-02-10T15:19:59.994571,,,,172.217.2.138,192.168.0.167,,,,443,57486,,,,,
2026-02-10T15:19:59.999343,,,,192.168.0.167,172.217.2.138,,,,57486,443,,,,,
2026-02-10T15:20:01.687875,,,,,,,,,,,,,,,
